operator_id,calls_missed_ratio,avg_wait_time,calls_out_ratio,calls_in_ratio,internal_calls_ratio,crit_calls_missed,crit_wait_time,crit_low_outbound,crit_low_inbound,crit_high_internal,inefficiency_score,criterios_negativos,efficiency_class,uso_interno_excesivo,efficiency_binary
879896,0.0,27.33333333333333,93.76344086021506,6.236559139784946,12.82051282051282,0,0,0,0,0,0,0,Eficiente,False,1.0
879898,0.0,29.473684210526315,98.57787501709284,1.4221249829071516,7.048458149779736,0,0,0,0,0,0,0,Eficiente,False,1.0
880020,0.0,7.714285714285714,84.44444444444444,15.555555555555555,15.0,0,0,0,0,0,0,0,Eficiente,False,1.0
880022,0.0,14.0,95.93908629441624,4.060913705583756,11.428571428571429,0,0,0,0,0,0,0,Eficiente,False,1.0
880026,0.0,7.944444444444445,98.9247311827957,1.0752688172043012,7.142857142857142,0,0,0,0,0,0,0,Eficiente,False,1.0
880028,0.0,8.365853658536585,97.5390625,2.4609375,3.4653465346534658,0,0,0,0,0,0,0,Eficiente,False,1.0
882476,0.0,31.666666666666668,0.0,100.0,0.0,0,0,1,0,0,1,1,Eficiente,False,1.0
882478,0.0,38.0,25.0,75.0,66.66666666666666,0,0,0,0,1,1,1,Eficiente,True,1.0
882680,3.0303030303030303,37.0,0.0,100.0,4.651162790697675,1,0,1,0,0,2,2,Potencialmente ineficiente,False,
882684,0.6525285481239804,190.52,51.88383045525903,48.11616954474097,1.948051948051948,1,1,0,0,0,2,2,Potencialmente ineficiente,False,
882686,0.6527415143603132,165.75,79.01369863013699,20.98630136986301,2.6785714285714284,1,1,0,0,0,2,2,Potencialmente ineficiente,False,
882688,0.0,336.5,74.13793103448276,25.86206896551724,0.0,0,1,0,0,0,1,1,Eficiente,False,1.0
882690,1.1695906432748535,322.8181818181818,89.23173803526448,10.768261964735515,1.5873015873015872,1,1,0,0,0,2,2,Potencialmente ineficiente,False,
883940,0.0,15.2,99.05956112852664,0.9404388714733544,0.0,0,0,0,0,0,0,0,Eficiente,False,1.0
883942,0.0,15.514285714285714,96.3455149501661,3.654485049833888,0.6711409395973155,0,0,0,0,0,0,0,Eficiente,False,1.0
884294,0.0,6.0,0.0,100.0,0.0,0,0,1,0,0,1,1,Eficiente,False,1.0
884408,8.571428571428571,66.0,41.66666666666667,58.333333333333336,32.0,1,1,0,0,1,3,3,Ineficiente,True,0.0
884412,0.0,46.875,97.65013054830288,2.349869451697128,7.964601769911504,0,1,0,0,0,1,1,Eficiente,False,1.0
884478,0.0,26.916666666666668,99.04013961605584,0.9598603839441536,3.5294117647058822,0,0,0,0,0,0,0,Eficiente,False,1.0
884524,0.0,9.5,0.0,100.0,0.0,0,0,1,0,0,1,1,Eficiente,False,1.0
884946,0.0,22.714285714285715,99.35449166218396,0.6455083378160301,2.4390243902439024,0,0,0,0,0,0,0,Eficiente,False,1.0
885876,1.7137096774193548,100.18888888888888,98.33078126840432,1.6692187315956857,0.7067137809187279,1,1,0,0,0,2,2,Potencialmente ineficiente,False,
885890,1.6881028938906757,120.27659574468083,97.93427541887382,2.065724581126185,0.0,1,1,0,0,0,2,2,Potencialmente ineficiente,False,
886146,0.0,9.0,98.0,2.0,0.0,0,0,0,0,0,0,0,Eficiente,False,1.0
886674,0.0,18.666666666666668,0.0,100.0,0.0,0,0,1,0,0,1,1,Eficiente,False,1.0
886892,0.0,58.0,0.0,100.0,0.0,0,1,1,0,0,2,2,Potencialmente ineficiente,False,
887276,0.6960556844547563,176.2173913043478,67.52072343632253,32.479276563677466,27.34082397003745,1,1,0,0,1,3,3,Ineficiente,True,0.0
887278,0.0,37.458333333333336,83.11688311688312,16.883116883116884,52.52525252525253,0,0,0,0,1,1,1,Eficiente,True,1.0
887282,0.0,62.45,98.81104033970276,1.18895966029724,3.571428571428571,0,1,0,0,0,1,1,Eficiente,False,1.0
887416,0.0,27.363636363636363,0.0,100.0,0.0,0,0,1,0,0,1,1,Eficiente,False,1.0
887802,0.0,34.833333333333336,88.32116788321169,11.67883211678832,1.7241379310344829,0,0,0,0,0,0,0,Eficiente,False,1.0
888406,11.11111111111111,36.42857142857143,40.0,60.0,0.0,1,0,0,0,0,1,1,Eficiente,False,1.0
888520,0.0,18.8,0.0,100.0,0.0,0,0,1,0,0,1,1,Eficiente,False,1.0
888532,16.666666666666664,32.111111111111114,94.0,6.0,88.23529411764706,1,0,0,0,1,2,2,Potencialmente ineficiente,True,
888534,3.278688524590164,48.77777777777778,83.77659574468085,16.22340425531915,38.80597014925373,1,1,0,0,1,3,3,Ineficiente,True,0.0
888536,0.0,21.5,96.29629629629628,3.7037037037037033,90.32258064516128,0,0,0,0,1,1,1,Eficiente,True,1.0
888538,0.0,24.0,83.33333333333334,16.666666666666664,50.0,0,0,0,0,1,1,1,Eficiente,True,1.0
888540,0.0,19.666666666666668,82.35294117647058,17.647058823529413,73.33333333333333,0,0,0,0,1,1,1,Eficiente,True,1.0
888868,5.0,31.0,72.22222222222221,27.77777777777778,22.58064516129032,1,0,0,0,1,2,2,Potencialmente ineficiente,True,
889410,0.0,35.151898734177216,69.80742778541953,30.192572214580466,0.4132231404958678,0,0,0,0,0,0,0,Eficiente,False,1.0
889638,0.0,19.33333333333333,0.0,100.0,0.0,0,0,1,0,0,1,1,Eficiente,False,1.0
889640,0.0,13.5,0.0,100.0,0.0,0,0,1,0,0,1,1,Eficiente,False,1.0
889754,0.4166666666666667,52.875,71.54712507409603,28.45287492590397,0.5025125628140703,1,1,0,0,0,2,2,Potencialmente ineficiente,False,
890226,0.0,27.33333333333333,50.0,50.0,0.0,0,0,0,0,0,0,0,Eficiente,False,1.0
890228,16.666666666666664,17.333333333333332,93.47826086956522,6.521739130434782,4.651162790697675,1,0,0,0,0,1,1,Eficiente,False,1.0
890402,0.0,76.15068493150685,69.75308641975309,30.246913580246915,0.4545454545454545,0,1,0,0,0,1,1,Eficiente,False,1.0
890404,0.3875968992248062,72.22077922077922,72.33243967828417,27.66756032171582,2.608695652173913,1,1,0,0,0,2,2,Potencialmente ineficiente,False,
890406,0.9411764705882352,54.33783783783784,73.79778051787916,26.202219482120835,0.4629629629629629,1,1,0,0,0,2,2,Potencialmente ineficiente,False,
890410,0.0,36.0,98.7012987012987,1.2987012987012987,3.401360544217688,0,0,0,0,0,0,0,Eficiente,False,1.0
890412,0.0,52.71428571428572,97.97356828193831,2.026431718061674,0.684931506849315,0,1,0,0,0,1,1,Eficiente,False,1.0
890582,0.9615384615384616,32.65,35.80246913580247,64.19753086419753,4.545454545454546,1,0,0,0,0,1,1,Eficiente,False,1.0
890618,1.36986301369863,2.7096774193548385,78.71720116618076,21.282798833819243,0.0,1,0,0,0,0,1,1,Eficiente,False,1.0
891254,0.0,26.0,0.0,100.0,0.0,0,0,1,0,0,1,1,Eficiente,False,1.0
891410,0.303030303030303,124.47142857142858,80.57109214012364,19.42890785987636,16.47509578544061,1,1,0,0,0,2,2,Potencialmente ineficiente,False,
891414,0.198807157057654,100.38983050847456,83.23892035988004,16.76107964011996,20.883534136546185,1,1,0,0,1,3,3,Ineficiente,True,0.0
891416,0.0,44.27659574468085,84.22222222222221,15.777777777777777,14.736842105263156,0,1,0,0,0,1,1,Eficiente,False,1.0
891646,0.0,23.428571428571427,0.0,100.0,0.0,0,0,1,0,0,1,1,Eficiente,False,1.0
891744,0.0,26.75,54.54545454545454,45.45454545454545,0.0,0,0,0,0,0,0,0,Eficiente,False,1.0
891824,0.0,27.857142857142858,72.72727272727273,27.27272727272727,0.0,0,0,0,0,0,0,0,Eficiente,False,1.0
891900,0.0,72.94117647058823,0.0,100.0,0.0,0,1,1,0,0,2,2,Potencialmente ineficiente,False,
891906,0.0,61.44827586206897,0.0,100.0,0.0,0,1,1,0,0,2,2,Potencialmente ineficiente,False,
891908,0.0,14.666666666666666,18.75,81.25,6.25,0,0,1,0,0,1,1,Eficiente,False,1.0
891918,0.0,31.2,16.666666666666664,83.33333333333334,0.0,0,0,1,0,0,1,1,Eficiente,False,1.0
891946,0.0,24.307692307692307,66.66666666666666,33.33333333333333,11.11111111111111,0,0,0,0,0,0,0,Eficiente,False,1.0
891948,0.0,3.0,0.0,100.0,0.0,0,0,1,0,0,1,1,Eficiente,False,1.0
891988,0.0,61.34920634920635,53.37837837837838,46.62162162162162,0.0,0,1,0,0,0,1,1,Eficiente,False,1.0
892530,0.0,43.142857142857146,50.0,50.0,6.666666666666667,0,1,0,0,0,1,1,Eficiente,False,1.0
892532,0.0,66.53571428571429,58.06451612903226,41.935483870967744,1.4925373134328357,0,1,0,0,0,1,1,Eficiente,False,1.0
892534,0.0,117.625,28.205128205128204,71.7948717948718,0.0,0,1,0,0,0,1,1,Eficiente,False,1.0
892536,0.0,52.90909090909091,44.82758620689656,55.172413793103445,0.0,0,1,0,0,0,1,1,Eficiente,False,1.0
892538,0.0,50.0,92.06349206349206,7.936507936507936,0.0,0,1,0,0,0,1,1,Eficiente,False,1.0
892798,0.0,43.0,97.2972972972973,2.702702702702702,0.0,0,0,0,0,0,0,0,Eficiente,False,1.0
893172,0.0,38.91304347826087,7.317073170731707,92.6829268292683,8.0,0,0,1,0,0,1,1,Eficiente,False,1.0
893400,0.0,19.5,60.0,40.0,40.0,0,0,0,0,1,1,1,Eficiente,True,1.0
893402,0.8875739644970414,67.7439024390244,13.110539845758352,86.88946015424165,5.982905982905983,1,1,1,0,0,3,3,Ineficiente,False,0.0
893420,0.4854368932038834,82.76470588235294,12.340425531914894,87.65957446808511,5.555555555555555,1,1,1,0,0,3,3,Ineficiente,False,0.0
893804,0.3699136868064118,116.42990654205607,58.38179952104002,41.61820047895997,9.688581314878892,1,1,0,0,0,2,2,Potencialmente ineficiente,False,
894120,5.555555555555555,47.55555555555556,0.0,100.0,0.0,1,1,1,0,0,3,3,Ineficiente,False,0.0
894224,9.090909090909092,12.77777777777778,75.0,25.0,82.35294117647058,1,0,0,0,1,2,2,Potencialmente ineficiente,True,
894230,16.666666666666664,31.666666666666668,71.42857142857143,28.57142857142857,91.66666666666666,1,0,0,0,1,2,2,Potencialmente ineficiente,True,
894232,25.0,14.333333333333334,80.0,20.0,100.0,1,0,0,0,1,2,2,Potencialmente ineficiente,True,
894614,12.5,19.166666666666668,0.0,100.0,0.0,1,0,1,0,0,2,2,Potencialmente ineficiente,False,
894656,0.0,32.2,99.37245058048322,0.6275494195167869,0.0,0,0,0,0,0,0,0,Eficiente,False,1.0
894662,0.0,9.0,97.36842105263158,2.631578947368421,11.11111111111111,0,0,0,0,0,0,0,Eficiente,False,1.0
895140,0.0,76.0,0.0,100.0,0.0,0,1,1,0,0,2,2,Potencialmente ineficiente,False,
895170,0.0,16.1,0.0,100.0,0.0,0,0,1,0,0,1,1,Eficiente,False,1.0
895172,0.0,15.333333333333334,91.11111111111111,8.88888888888889,5.128205128205128,0,0,0,0,0,0,0,Eficiente,False,1.0
895266,0.0,10.0,33.33333333333333,66.66666666666666,0.0,0,0,0,0,0,0,0,Eficiente,False,1.0
895574,1.0416666666666663,30.97872340425532,0.0,100.0,0.0,1,0,1,0,0,2,2,Potencialmente ineficiente,False,
895576,1.4285714285714286,30.175,0.0,100.0,0.0,1,0,1,0,0,2,2,Potencialmente ineficiente,False,
895578,0.0,22.81081081081081,0.0,100.0,0.0,0,0,1,0,0,1,1,Eficiente,False,1.0
895598,0.0,9.0,40.0,60.0,0.0,0,0,0,0,0,0,0,Eficiente,False,1.0
895774,0.0,23.666666666666668,88.98305084745762,11.016949152542372,0.0,0,0,0,0,0,0,0,Eficiente,False,1.0
895776,8.333333333333332,17.5,95.2191235059761,4.780876494023905,1.8867924528301887,1,0,0,0,0,1,1,Eficiente,False,1.0
895782,0.0,31.125,0.0,100.0,0.0,0,0,1,0,0,1,1,Eficiente,False,1.0
895786,0.0,59.5,0.0,100.0,0.0,0,1,1,0,0,2,2,Potencialmente ineficiente,False,
896010,0.0,26.571428571428573,28.57142857142857,71.42857142857143,10.0,0,0,0,0,0,0,0,Eficiente,False,1.0
896012,0.4098360655737705,23.725806451612904,0.0,100.0,0.0,1,0,1,0,0,2,2,Potencialmente ineficiente,False,
896014,0.0,15.75,36.36363636363637,63.63636363636363,11.11111111111111,0,0,0,0,0,0,0,Eficiente,False,1.0
896016,0.0,19.0,78.15384615384615,21.846153846153847,35.97122302158273,0,0,0,0,1,1,1,Eficiente,True,1.0
896018,0.0,27.125,52.94117647058824,47.05882352941176,33.33333333333333,0,0,0,0,1,1,1,Eficiente,True,1.0
896020,0.0,5.0,0.0,100.0,0.0,0,0,1,0,0,1,1,Eficiente,False,1.0
896382,0.0,39.09090909090909,91.58878504672896,8.411214953271028,9.67741935483871,0,0,0,0,0,0,0,Eficiente,False,1.0
896428,0.0,23.625,88.9423076923077,11.057692307692308,5.128205128205128,0,0,0,0,0,0,0,Eficiente,False,1.0
896430,0.0,13.0,93.33333333333331,6.666666666666667,0.0,0,0,0,0,0,0,0,Eficiente,False,1.0
896536,1.098901098901099,56.46268656716418,0.0,100.0,4.477611940298507,1,1,1,0,0,3,3,Ineficiente,False,0.0
896538,7.142857142857142,60.45454545454545,0.0,100.0,0.0,1,1,1,0,0,3,3,Ineficiente,False,0.0
896708,0.0,72.0,69.72477064220183,30.275229357798167,0.0,0,1,0,0,0,1,1,Eficiente,False,1.0
897030,0.0,15.2,92.5925925925926,7.4074074074074066,9.523809523809524,0,0,0,0,0,0,0,Eficiente,False,1.0
897872,33.33333333333333,21.666666666666668,94.23076923076924,5.769230769230769,10.344827586206897,1,0,0,0,0,1,1,Eficiente,False,1.0
898414,4.166666666666666,86.0,71.08433734939759,28.915662650602407,0.0,1,1,0,0,0,2,2,Potencialmente ineficiente,False,
898422,1.5625,46.7,26.436781609195403,73.5632183908046,0.0,1,1,0,0,0,2,2,Potencialmente ineficiente,False,
898558,0.0,51.833333333333336,0.0,100.0,0.0,0,1,1,0,0,2,2,Potencialmente ineficiente,False,
898560,0.0,78.0,0.0,100.0,0.0,0,1,1,0,0,2,2,Potencialmente ineficiente,False,
898676,0.0,8.0,0.0,100.0,0.0,0,0,1,0,0,1,1,Eficiente,False,1.0
898892,0.0,19.9,87.2340425531915,12.76595744680851,0.0,0,0,0,0,0,0,0,Eficiente,False,1.0
898906,0.0,57.0,86.98630136986301,13.013698630136986,7.6923076923076925,0,1,0,0,0,1,1,Eficiente,False,1.0
898920,0.0,97.0,74.0,26.0,0.0,0,1,0,0,0,1,1,Eficiente,False,1.0
899082,0.1526717557251908,195.1159420289855,69.75992613111727,30.24007386888273,0.4878048780487805,1,1,0,0,0,2,2,Potencialmente ineficiente,False,
899250,1.7482517482517483,54.48809523809524,82.7710843373494,17.2289156626506,0.9259259259259258,1,1,0,0,0,2,2,Potencialmente ineficiente,False,
899268,6.451612903225806,26.83333333333333,0.0,100.0,0.0,1,0,1,0,0,2,2,Potencialmente ineficiente,False,
899892,0.0,31.666666666666668,0.0,100.0,0.0,0,0,1,0,0,1,1,Eficiente,False,1.0
899898,0.0,25.0,0.0,100.0,0.0,0,0,1,0,0,1,1,Eficiente,False,1.0
899900,0.0,58.0,0.0,100.0,50.0,0,1,1,0,1,3,3,Ineficiente,True,0.0
899906,0.0,19.0,0.0,100.0,0.0,0,0,1,0,0,1,1,Eficiente,False,1.0
899912,0.0,19.0,0.0,100.0,0.0,0,0,1,0,0,1,1,Eficiente,False,1.0
900180,0.0,36.0,99.46777054997044,0.5322294500295683,20.192307692307693,0,0,0,0,1,1,1,Eficiente,True,1.0
900192,0.0,5.0,50.0,50.0,0.0,0,0,0,0,0,0,0,Eficiente,False,1.0
900194,3.636363636363636,32.75,43.87755102040816,56.12244897959183,0.0,1,0,0,0,0,1,1,Eficiente,False,1.0
900352,0.546448087431694,55.21052631578947,62.65306122448979,37.3469387755102,0.0,1,1,0,0,0,2,2,Potencialmente ineficiente,False,
900354,2.112676056338028,51.48936170212766,77.05977382875606,22.940226171243943,0.0,1,1,0,0,0,2,2,Potencialmente ineficiente,False,
900458,0.0,9.0,96.55172413793105,3.4482758620689653,0.0,0,0,0,0,0,0,0,Eficiente,False,1.0
900492,5.88235294117647,17.0,93.22709163346612,6.772908366533864,0.0,1,0,0,0,0,1,1,Eficiente,False,1.0
900592,0.0,44.85,29.144385026737968,70.85561497326202,6.172839506172839,0,1,0,0,0,1,1,Eficiente,False,1.0
900594,0.0,18.25,85.53191489361703,14.468085106382976,0.0,0,0,0,0,0,0,0,Eficiente,False,1.0
900614,0.0,17.916666666666668,60.71428571428571,39.285714285714285,0.0,0,0,0,0,0,0,0,Eficiente,False,1.0
900742,0.0,31.444444444444443,42.10526315789473,57.89473684210527,5.88235294117647,0,0,0,0,0,0,0,Eficiente,False,1.0
900746,7.6923076923076925,55.54545454545455,65.33333333333333,34.66666666666667,10.0,1,1,0,0,0,2,2,Potencialmente ineficiente,False,
900788,0.8064516129032258,19.071428571428573,42.5925925925926,57.407407407407405,0.0,1,0,0,0,0,1,1,Eficiente,False,1.0
900790,0.0,46.375,55.55555555555556,44.44444444444444,0.0,0,1,0,0,0,1,1,Eficiente,False,1.0
900792,0.0,34.0,87.5,12.5,20.0,0,0,0,0,1,1,1,Eficiente,True,1.0
900826,0.0,19.695652173913043,85.57046979865773,14.429530201342285,0.0,0,0,0,0,0,0,0,Eficiente,False,1.0
900892,0.911854103343465,25.666666666666668,73.93026941362916,26.06973058637084,8.94308943089431,1,0,0,0,0,1,1,Eficiente,False,1.0
900894,0.9090909090909092,29.931818181818183,66.46341463414635,33.53658536585366,6.7164179104477615,1,0,0,0,0,1,1,Eficiente,False,1.0
901034,0.0,15.9,48.0,52.0,5.88235294117647,0,0,0,0,0,0,0,Eficiente,False,1.0
901038,0.0,28.5,86.8421052631579,13.157894736842104,34.61538461538461,0,0,0,0,1,1,1,Eficiente,True,1.0
901178,0.0,85.43333333333334,7.987220447284344,92.01277955271566,17.77777777777778,0,1,1,0,1,3,3,Ineficiente,True,0.0
901350,0.0,73.21875,0.0,100.0,0.0,0,1,1,0,0,2,2,Potencialmente ineficiente,False,
901492,0.0,30.20833333333333,9.090909090909092,90.9090909090909,0.0,0,0,1,0,0,1,1,Eficiente,False,1.0
901498,0.0,66.25,0.0,100.0,0.0,0,1,1,0,0,2,2,Potencialmente ineficiente,False,
901584,0.0,14.5,62.31884057971014,37.68115942028986,2.5,0,0,0,0,0,0,0,Eficiente,False,1.0
901586,0.0,11.62962962962963,69.62962962962963,30.37037037037037,1.694915254237288,0,0,0,0,0,0,0,Eficiente,False,1.0
901588,0.0,8.736842105263158,67.07317073170732,32.926829268292686,2.2222222222222223,0,0,0,0,0,0,0,Eficiente,False,1.0
901734,0.0,30.23076923076923,0.0,100.0,0.0,0,0,1,0,0,1,1,Eficiente,False,1.0
901880,0.547945205479452,88.5925925925926,56.41270599474564,43.58729400525436,12.251655629139073,1,1,0,0,0,2,2,Potencialmente ineficiente,False,
901884,0.1766784452296819,80.8,78.14671814671814,21.853281853281853,21.671826625387,1,1,0,0,1,3,3,Ineficiente,True,0.0
901886,0.0,54.22,90.82745349583064,9.17254650416934,5.161290322580645,0,1,0,0,0,1,1,Eficiente,False,1.0
901894,0.0,82.44444444444444,0.0,100.0,0.0,0,1,1,0,0,2,2,Potencialmente ineficiente,False,
901992,0.0,13.0,98.38709677419357,1.6129032258064515,0.0,0,0,0,0,0,0,0,Eficiente,False,1.0
901996,0.0,43.0,89.65517241379311,10.344827586206897,20.0,0,0,0,0,1,1,1,Eficiente,True,1.0
902238,0.0,8.0,50.0,50.0,0.0,0,0,0,0,0,0,0,Eficiente,False,1.0
902510,1.639344262295082,157.96153846153845,93.78818737270876,6.211812627291242,0.8264462809917356,1,1,0,0,0,2,2,Potencialmente ineficiente,False,
902532,0.4184100418410041,119.70588235294116,78.39059674502712,21.609403254972875,6.363636363636363,1,1,0,0,0,2,2,Potencialmente ineficiente,False,
902608,0.0,27.4,94.39655172413794,5.603448275862069,22.727272727272727,0,0,0,0,1,1,1,Eficiente,True,1.0
902720,0.0,47.36363636363637,95.90739975196362,4.092600248036379,6.349206349206349,0,1,0,0,0,1,1,Eficiente,False,1.0
902906,0.0,21.23076923076923,0.0,100.0,0.0,0,0,1,0,0,1,1,Eficiente,False,1.0
902910,3.571428571428571,36.8,0.0,100.0,0.0,1,0,1,0,0,2,2,Potencialmente ineficiente,False,
903254,0.0,59.91304347826087,85.77283372365339,14.227166276346605,0.4524886877828055,0,1,0,0,0,1,1,Eficiente,False,1.0
903292,0.0,73.625,87.75510204081633,12.244897959183673,0.0,0,1,0,0,0,1,1,Eficiente,False,1.0
903312,1.574803149606299,42.86538461538461,29.444444444444446,70.55555555555556,8.974358974358974,1,0,0,0,0,1,1,Eficiente,False,1.0
903318,1.0676156583629894,45.14035087719298,80.74023303632625,19.259766963673748,12.953367875647666,1,1,0,0,0,2,2,Potencialmente ineficiente,False,
903390,0.0,20.285714285714285,0.0,100.0,0.0,0,0,1,0,0,1,1,Eficiente,False,1.0
903512,0.0,70.0,0.0,100.0,17.647058823529413,0,1,1,0,0,2,2,Potencialmente ineficiente,False,
903974,0.0,83.5,0.0,100.0,0.0,0,1,1,0,0,2,2,Potencialmente ineficiente,False,
903976,0.0,21.0,0.0,100.0,0.0,0,0,1,0,0,1,1,Eficiente,False,1.0
903978,0.0,38.0,60.0,40.0,50.0,0,0,0,0,1,1,1,Eficiente,True,1.0
904014,0.0,38.92307692307692,96.8217054263566,3.1782945736434107,2.941176470588235,0,0,0,0,0,0,0,Eficiente,False,1.0
904016,4.0,35.61538461538461,98.9431409849926,1.056859015007398,3.333333333333333,1,0,0,0,0,1,1,Eficiente,False,1.0
904038,0.4329004329004329,52.65384615384615,31.75775480059084,68.24224519940915,0.5988023952095809,1,1,0,0,0,2,2,Potencialmente ineficiente,False,
904044,0.9259259259259258,46.85714285714285,17.557251908396946,82.44274809160305,0.0,1,1,1,0,0,3,3,Ineficiente,False,0.0
904058,0.0,18.294117647058822,0.0,100.0,0.0,0,0,1,0,0,1,1,Eficiente,False,1.0
904200,0.0,24.33333333333333,58.82352941176471,41.17647058823529,18.181818181818183,0,0,0,0,1,1,1,Eficiente,True,1.0
904202,0.0,13.5,97.08333333333331,2.9166666666666665,12.0,0,0,0,0,0,0,0,Eficiente,False,1.0
904204,0.0,40.25,91.52542372881356,8.47457627118644,12.5,0,0,0,0,0,0,0,Eficiente,False,1.0
904284,0.0,25.103448275862068,0.0,100.0,0.0,0,0,1,0,0,1,1,Eficiente,False,1.0
904344,25.0,27.5,55.55555555555556,44.44444444444444,33.33333333333333,1,0,0,0,1,2,2,Potencialmente ineficiente,True,
904372,0.0,34.0,0.0,100.0,0.0,0,0,1,0,0,1,1,Eficiente,False,1.0
905082,0.0,34.0,0.0,100.0,0.0,0,0,1,0,0,1,1,Eficiente,False,1.0
905104,2.027027027027027,81.12698412698413,38.71635610766045,61.28364389233955,17.6056338028169,1,1,0,0,0,2,2,Potencialmente ineficiente,False,
905300,8.0,34.5,0.0,100.0,0.0,1,0,1,0,0,2,2,Potencialmente ineficiente,False,
905430,1.0416666666666663,41.625,88.66587957497049,11.334120425029516,4.0,1,0,0,0,0,1,1,Eficiente,False,1.0
905432,0.0,10.666666666666666,98.3739837398374,1.6260162601626018,3.333333333333333,0,0,0,0,0,0,0,Eficiente,False,1.0
905472,0.0,21.0,90.0,10.0,75.0,0,0,0,0,1,1,1,Eficiente,True,1.0
905478,0.0,36.0,0.0,100.0,0.0,0,0,1,0,0,1,1,Eficiente,False,1.0
905538,0.819672131147541,79.51851851851852,92.85086434222092,7.14913565777908,31.428571428571427,1,1,0,0,1,3,3,Ineficiente,True,0.0
905542,2.564102564102564,43.1,94.43387250237868,5.566127497621313,22.748815165876778,1,1,0,0,1,3,3,Ineficiente,True,0.0
905564,1.7543859649122806,45.45161290322581,92.41011984021304,7.589880159786951,42.5,1,1,0,0,1,3,3,Ineficiente,True,0.0
905566,2.272727272727273,31.08695652173913,95.13812154696132,4.861878453038674,37.30569948186528,1,0,0,0,1,2,2,Potencialmente ineficiente,True,
905574,0.0,14.0,99.07407407407408,0.9259259259259258,65.45454545454545,0,0,0,0,1,1,1,Eficiente,True,1.0
905842,0.0,115.5,99.80638915779284,0.1936108422071636,0.0,0,1,0,0,0,1,1,Eficiente,False,1.0
905844,0.0,13.583333333333334,98.755980861244,1.244019138755981,0.0,0,0,0,0,0,0,0,Eficiente,False,1.0
905862,2.941176470588235,31.486486486486488,0.9708737864077668,99.02912621359224,0.0,1,0,1,0,0,2,2,Potencialmente ineficiente,False,
905870,0.0,54.54838709677419,79.62962962962963,20.37037037037037,0.0,0,1,0,0,0,1,1,Eficiente,False,1.0
905930,0.0,13.333333333333334,82.80098280098281,17.1990171990172,13.91304347826087,0,0,0,0,0,0,0,Eficiente,False,1.0
905932,0.0,11.52,90.27027027027027,9.72972972972973,13.274336283185844,0,0,0,0,0,0,0,Eficiente,False,1.0
905934,0.0,9.0,95.23809523809524,4.761904761904762,20.0,0,0,0,0,1,1,1,Eficiente,True,1.0
906070,0.6172839506172839,889.8,17.974683544303797,82.02531645569621,0.0,1,1,1,0,0,3,3,Ineficiente,False,0.0
906076,0.0,611.5,4.0,96.0,0.0,0,1,1,0,0,2,2,Potencialmente ineficiente,False,
906294,0.3246753246753247,29.1,48.49498327759198,51.50501672240802,40.588235294117645,1,0,0,0,1,2,2,Potencialmente ineficiente,True,
906296,0.0,32.5,98.0099502487562,1.9900497512437807,76.74418604651163,0,0,0,0,1,1,1,Eficiente,True,1.0
906392,11.11111111111111,35.57142857142857,74.64788732394366,25.352112676056336,66.66666666666666,1,0,0,0,1,2,2,Potencialmente ineficiente,True,
906394,0.0,45.1578947368421,94.54545454545456,5.454545454545454,53.65853658536586,0,1,0,0,1,2,2,Potencialmente ineficiente,True,
906396,2.419354838709677,111.08823529411764,76.99443413729128,23.00556586270872,42.85714285714285,1,1,0,0,1,3,3,Ineficiente,True,0.0
906398,0.0,56.67857142857143,38.46153846153847,61.53846153846154,42.85714285714285,0,1,0,0,1,2,2,Potencialmente ineficiente,True,
906400,2.307692307692308,93.8,76.61870503597122,23.38129496402877,44.07894736842105,1,1,0,0,1,3,3,Ineficiente,True,0.0
906402,0.0,54.0,70.83333333333334,29.166666666666668,41.17647058823529,0,1,0,0,1,2,2,Potencialmente ineficiente,True,
906404,1.1976047904191618,315.3255813953488,55.02692998204668,44.97307001795332,29.87012987012987,1,1,0,0,1,3,3,Ineficiente,True,0.0
906406,0.4195804195804196,416.1521739130435,61.37223122636413,38.62776877363587,37.4384236453202,1,1,0,0,1,3,3,Ineficiente,True,0.0
906408,1.6597510373443984,246.8571428571429,26.52439024390244,73.47560975609755,44.26229508196721,1,1,0,0,1,3,3,Ineficiente,True,0.0
906410,2.155172413793104,177.5,7.569721115537849,92.43027888446214,4.25531914893617,1,1,1,0,0,3,3,Ineficiente,False,0.0
906412,7.6923076923076925,26.666666666666668,92.37536656891496,7.624633431085044,50.0,1,0,0,0,1,2,2,Potencialmente ineficiente,True,
906416,0.0,16.6,93.90243902439023,6.097560975609756,66.66666666666666,0,0,0,0,1,1,1,Eficiente,True,1.0
906418,0.0,20.0,50.0,50.0,33.33333333333333,0,0,0,0,1,1,1,Eficiente,True,1.0
906420,0.0,11.0,85.29411764705883,14.705882352941178,60.0,0,0,0,0,1,1,1,Eficiente,True,1.0
906680,1.0256410256410255,126.78947368421052,45.07042253521127,54.929577464788736,12.295081967213116,1,1,0,0,0,2,2,Potencialmente ineficiente,False,
907174,0.0,69.625,99.64469009080142,0.3553099091985787,7.82608695652174,0,1,0,0,0,1,1,Eficiente,False,1.0
907178,0.0,36.0,98.30508474576273,1.694915254237288,46.875,0,0,0,0,1,1,1,Eficiente,True,1.0
907182,0.0,21.0,77.96610169491525,22.033898305084744,62.38532110091744,0,0,0,0,1,1,1,Eficiente,True,1.0
907224,0.0,52.27272727272727,86.1671469740634,13.8328530259366,30.136986301369863,0,1,0,0,1,2,2,Potencialmente ineficiente,True,
907440,0.0,23.83333333333333,96.53179190751445,3.4682080924855487,71.08433734939759,0,0,0,0,1,1,1,Eficiente,True,1.0
907502,0.8264462809917356,80.91666666666667,0.0,100.0,0.0,1,1,1,0,0,3,3,Ineficiente,False,0.0
907504,0.0,27.25,83.33333333333334,16.666666666666664,61.53846153846154,0,0,0,0,1,1,1,Eficiente,True,1.0
907618,0.0,35.0,0.0,100.0,0.0,0,0,1,0,0,1,1,Eficiente,False,1.0
907952,3.92156862745098,29.08333333333333,77.82608695652173,22.17391304347826,66.97247706422019,1,0,0,0,1,2,2,Potencialmente ineficiente,True,
907964,0.0,22.83333333333333,77.92207792207793,22.07792207792208,65.0,0,0,0,0,1,1,1,Eficiente,True,1.0
907970,0.0,20.214285714285715,91.2087912087912,8.791208791208792,82.35294117647058,0,0,0,0,1,1,1,Eficiente,True,1.0
907972,0.0,14.25,61.53846153846154,38.46153846153847,11.11111111111111,0,0,0,0,0,0,0,Eficiente,False,1.0
907974,0.0,9.666666666666666,0.0,100.0,0.0,0,0,1,0,0,1,1,Eficiente,False,1.0
907982,1.5151515151515151,40.8,56.86274509803921,43.13725490196079,51.80722891566265,1,0,0,0,1,2,2,Potencialmente ineficiente,True,
907986,0.0,20.0,99.77678571428572,0.2232142857142857,98.64864864864865,0,0,0,0,1,1,1,Eficiente,True,1.0
907994,0.0,26.74074074074074,72.72727272727273,27.27272727272727,65.82278481012658,0,0,0,0,1,1,1,Eficiente,True,1.0
908002,0.0,24.75,72.72727272727273,27.27272727272727,0.0,0,0,0,0,0,0,0,Eficiente,False,1.0
908078,0.0,23.93103448275862,57.14285714285714,42.85714285714285,0.0,0,0,0,0,0,0,0,Eficiente,False,1.0
908080,0.0,17.5,16.666666666666664,83.33333333333334,20.0,0,0,1,0,1,2,2,Potencialmente ineficiente,True,
908082,0.0,15.5,42.5531914893617,57.44680851063831,6.896551724137931,0,0,0,0,0,0,0,Eficiente,False,1.0
908098,0.0,52.66666666666666,0.0,100.0,0.0,0,1,1,0,0,2,2,Potencialmente ineficiente,False,
908130,0.0,28.33333333333333,0.0,100.0,33.33333333333333,0,0,1,0,1,2,2,Potencialmente ineficiente,True,
908152,0.0,58.0,0.0,100.0,11.11111111111111,0,1,1,0,0,2,2,Potencialmente ineficiente,False,
908162,0.0,79.5,0.0,100.0,0.0,0,1,1,0,0,2,2,Potencialmente ineficiente,False,
908180,0.0,15.0,0.0,100.0,100.0,0,0,1,0,1,2,2,Potencialmente ineficiente,True,
908300,0.0,84.5,0.0,100.0,50.0,0,1,1,0,1,3,3,Ineficiente,True,0.0
908834,0.0,195.25,4.166666666666666,95.83333333333334,0.0,0,1,1,0,0,2,2,Potencialmente ineficiente,False,
908958,0.315126050420168,277.25531914893617,10.103871576959396,89.8961284230406,14.685314685314683,1,1,1,0,0,3,3,Ineficiente,False,0.0
908960,1.1510791366906474,150.59259259259258,13.985148514851486,86.01485148514851,15.09433962264151,1,1,1,0,0,3,3,Ineficiente,False,0.0
909134,0.5076142131979695,106.75384615384615,2.4752475247524752,97.52475247524752,1.4285714285714286,1,1,1,0,0,3,3,Ineficiente,False,0.0
909392,0.0,26.0,0.0,100.0,0.0,0,0,1,0,0,1,1,Eficiente,False,1.0
909624,0.0,50.5,0.0,100.0,50.0,0,1,1,0,1,3,3,Ineficiente,True,0.0
909768,0.0,42.0,0.0,100.0,0.0,0,0,1,0,0,1,1,Eficiente,False,1.0
909892,0.0,14.0,50.0,50.0,0.0,0,0,0,0,0,0,0,Eficiente,False,1.0
909894,0.0,13.0,0.0,100.0,0.0,0,0,1,0,0,1,1,Eficiente,False,1.0
909896,0.0,9.0,0.0,100.0,0.0,0,0,1,0,0,1,1,Eficiente,False,1.0
910018,0.0,58.24,0.0,100.0,6.0,0,1,1,0,0,2,2,Potencialmente ineficiente,False,
910038,0.0,15.0,0.0,100.0,0.0,0,0,1,0,0,1,1,Eficiente,False,1.0
910044,0.0,28.2,0.0,100.0,0.0,0,0,1,0,0,1,1,Eficiente,False,1.0
910224,0.0,19.125,0.0,100.0,0.0,0,0,1,0,0,1,1,Eficiente,False,1.0
910226,25.0,16.5,0.0,100.0,0.0,1,0,1,0,0,2,2,Potencialmente ineficiente,False,
910516,0.0,31.863636363636363,0.0,100.0,0.0,0,0,1,0,0,1,1,Eficiente,False,1.0
910540,0.6493506493506493,55.3448275862069,0.0,100.0,1.7241379310344829,1,1,1,0,0,3,3,Ineficiente,False,0.0
910958,0.0,70.9,0.0,100.0,20.0,0,1,1,0,1,3,3,Ineficiente,True,0.0
911102,11.11111111111111,41.1,0.0,100.0,0.0,1,0,1,0,0,2,2,Potencialmente ineficiente,False,
911104,0.0,13.0,0.0,100.0,0.0,0,0,1,0,0,1,1,Eficiente,False,1.0
911136,0.4739336492890995,91.95652173913044,0.0,100.0,0.0,1,1,1,0,0,3,3,Ineficiente,False,0.0
911138,1.038062283737024,101.60714285714286,0.0,100.0,0.0,1,1,1,0,0,3,3,Ineficiente,False,0.0
911140,2.857142857142857,55.75757575757576,0.0,100.0,0.0,1,1,1,0,0,3,3,Ineficiente,False,0.0
911142,10.0,65.92857142857143,0.0,100.0,0.0,1,1,1,0,0,3,3,Ineficiente,False,0.0
911152,0.0,43.0,0.0,100.0,0.0,0,0,1,0,0,1,1,Eficiente,False,1.0
911214,0.0,18.0,0.0,100.0,0.0,0,0,1,0,0,1,1,Eficiente,False,1.0
911310,0.4987531172069825,100.07272727272728,19.15322580645161,80.84677419354838,4.444444444444445,1,1,1,0,0,3,3,Ineficiente,False,0.0
912010,1.3888888888888888,49.94230769230769,0.0,100.0,1.9230769230769231,1,1,1,0,0,3,3,Ineficiente,False,0.0
912252,0.0,22.37037037037037,85.17110266159695,14.82889733840304,0.0,0,0,0,0,0,0,0,Eficiente,False,1.0
912296,1.7341040462427744,42.57446808510638,73.6280487804878,26.3719512195122,0.0,1,0,0,0,0,1,1,Eficiente,False,1.0
912684,3.7037037037037033,59.875,0.0,100.0,25.0,1,1,1,0,1,4,4,Ineficiente,True,0.0
912722,0.0,20.75555555555556,71.56133828996283,28.438661710037177,36.55913978494624,0,0,0,0,1,1,1,Eficiente,True,1.0
913474,0.0,74.0,80.0,20.0,0.0,0,1,0,0,0,1,1,Eficiente,False,1.0
913780,0.0,29.666666666666668,0.0,100.0,0.0,0,0,1,0,0,1,1,Eficiente,False,1.0
913788,0.2522068095838587,192.0151515151515,54.840546697038725,45.15945330296128,0.0,1,1,0,0,0,2,2,Potencialmente ineficiente,False,
913868,0.0,48.0,48.64864864864865,51.35135135135135,25.0,0,1,0,0,1,2,2,Potencialmente ineficiente,True,
913886,50.0,13.5,0.0,100.0,0.0,1,0,1,0,0,2,2,Potencialmente ineficiente,False,
913938,0.2727654217373059,526.974025974026,7.885581754928489,92.11441824507152,1.351351351351351,1,1,1,0,0,3,3,Ineficiente,False,0.0
913942,1.1349817592217268,347.91764705882355,15.135878912968694,84.86412108703131,5.185185185185185,1,1,1,0,0,3,3,Ineficiente,False,0.0
913984,0.0,17.0,85.71428571428571,14.285714285714285,33.33333333333333,0,0,0,0,1,1,1,Eficiente,True,1.0
914050,0.0,10.2,96.99248120300751,3.007518796992481,6.0,0,0,0,0,0,0,0,Eficiente,False,1.0
914168,0.0,11.0,90.9090909090909,9.090909090909092,0.0,0,0,0,0,0,0,0,Eficiente,False,1.0
914170,0.0,28.6,25.0,75.0,0.0,0,0,0,0,0,0,0,Eficiente,False,1.0
914172,0.0,34.5,0.0,100.0,0.0,0,0,1,0,0,1,1,Eficiente,False,1.0
914256,0.0,24.53333333333333,4.0,96.0,0.0,0,0,1,0,0,1,1,Eficiente,False,1.0
914426,0.0,23.0,57.14285714285714,42.85714285714285,0.0,0,0,0,0,0,0,0,Eficiente,False,1.0
914440,3.333333333333333,30.157894736842103,3.225806451612903,96.7741935483871,15.0,1,0,1,0,0,2,2,Potencialmente ineficiente,False,
914630,0.0,19.83333333333333,87.74193548387098,12.258064516129032,0.0,0,0,0,0,0,0,0,Eficiente,False,1.0
914636,0.0,14.0,83.33333333333334,16.666666666666664,27.27272727272727,0,0,0,0,1,1,1,Eficiente,True,1.0
914842,0.0,18.83333333333333,0.0,100.0,0.0,0,0,1,0,0,1,1,Eficiente,False,1.0
914848,0.0,18.5,88.23529411764706,11.76470588235294,0.0,0,0,0,0,0,0,0,Eficiente,False,1.0
914870,0.0,21.0,44.44444444444444,55.55555555555556,16.666666666666664,0,0,0,0,0,0,0,Eficiente,False,1.0
915556,1.6216216216216215,19.9672131147541,91.93899782135075,8.061002178649238,2.538071065989848,1,0,0,0,0,1,1,Eficiente,False,1.0
915614,0.0,56.0,96.875,3.125,0.0,0,1,0,0,0,1,1,Eficiente,False,1.0
915958,0.0,37.16666666666666,63.33333333333333,36.66666666666666,13.333333333333334,0,0,0,0,0,0,0,Eficiente,False,1.0
916424,0.7425742574257426,118.85714285714286,25.871559633027523,74.12844036697248,15.789473684210526,1,1,0,0,0,2,2,Potencialmente ineficiente,False,
916618,0.0,35.4,66.87898089171973,33.12101910828025,3.508771929824561,0,0,0,0,0,0,0,Eficiente,False,1.0
917234,0.0,13.8,99.57591178965224,0.4240882103477523,1.639344262295082,0,0,0,0,0,0,0,Eficiente,False,1.0
917252,0.0,83.0,66.66666666666666,33.33333333333333,16.666666666666664,0,1,0,0,0,1,1,Eficiente,False,1.0
917378,0.0,12.5,87.5,12.5,25.0,0,0,0,0,1,1,1,Eficiente,True,1.0
917680,0.0,100.0,95.55555555555556,4.444444444444445,0.0,0,1,0,0,0,1,1,Eficiente,False,1.0
917846,0.0,12.5,91.42857142857144,8.571428571428571,8.333333333333332,0,0,0,0,0,0,0,Eficiente,False,1.0
917850,0.6024096385542169,58.645833333333336,49.39024390243903,50.609756097560975,37.39837398373984,1,1,0,0,1,3,3,Ineficiente,True,0.0
917852,0.2666666666666666,151.7872340425532,73.0603448275862,26.9396551724138,6.122448979591836,1,1,0,0,0,2,2,Potencialmente ineficiente,False,
917856,0.0,16.5,96.1038961038961,3.896103896103896,6.25,0,0,0,0,0,0,0,Eficiente,False,1.0
917858,0.0,14.0,66.66666666666666,33.33333333333333,50.0,0,0,0,0,1,1,1,Eficiente,True,1.0
917876,0.0,15.428571428571429,20.0,80.0,0.0,0,0,1,0,0,1,1,Eficiente,False,1.0
918436,2.941176470588235,31.6,95.53805774278216,4.461942257217848,2.1739130434782608,1,0,0,0,0,1,1,Eficiente,False,1.0
918888,12.5,9.375,27.27272727272727,72.72727272727273,0.0,1,0,0,0,0,1,1,Eficiente,False,1.0
918956,0.0,34.5,89.47368421052632,10.526315789473683,0.0,0,0,0,0,0,0,0,Eficiente,False,1.0
918958,0.0,37.0,88.88888888888889,11.11111111111111,50.0,0,0,0,0,1,1,1,Eficiente,True,1.0
918978,0.5376344086021506,166.9318181818182,62.481089258698944,37.518910741301056,1.5037593984962403,1,1,0,0,0,2,2,Potencialmente ineficiente,False,
918986,0.0,137.125,71.16658176260825,28.833418237391744,2.307692307692308,0,1,0,0,0,1,1,Eficiente,False,1.0
918988,0.0,13.0,50.0,50.0,0.0,0,0,0,0,0,0,0,Eficiente,False,1.0
919164,0.4629629629629629,287.35714285714283,1.5197568389057752,98.48024316109422,9.090909090909092,1,1,1,0,0,3,3,Ineficiente,False,0.0
919166,0.4028197381671702,401.7142857142857,1.974333662388944,98.02566633761106,0.0,1,1,1,0,0,3,3,Ineficiente,False,0.0
919190,0.0,11.0,97.6470588235294,2.3529411764705883,0.0,0,0,0,0,0,0,0,Eficiente,False,1.0
919204,0.4284490145672665,550.9411764705883,0.7653061224489796,99.23469387755102,8.333333333333332,1,1,1,0,0,3,3,Ineficiente,False,0.0
919206,0.755939524838013,388.05263157894734,0.1078748651564185,99.89212513484358,5.0,1,1,1,0,0,3,3,Ineficiente,False,0.0
919214,0.0,51.1,5.263157894736842,94.73684210526316,9.090909090909092,0,1,1,0,0,2,2,Potencialmente ineficiente,False,
919218,4.761904761904762,28.3,93.18181818181816,6.8181818181818175,30.434782608695656,1,0,0,0,1,2,2,Potencialmente ineficiente,True,
919536,0.0,9.0,80.0,20.0,0.0,0,0,0,0,0,0,0,Eficiente,False,1.0
919552,0.0918273645546372,561.7575757575758,5.46875,94.53125,2.830188679245284,1,1,1,0,0,3,3,Ineficiente,False,0.0
919554,0.9306260575296108,503.1578947368421,0.9220452640402346,99.07795473595976,3.571428571428571,1,1,1,0,0,3,3,Ineficiente,False,0.0
919790,0.0,866.8032786885246,1.4366021236727045,98.5633978763273,2.702702702702702,0,1,1,0,0,2,2,Potencialmente ineficiente,False,
919792,0.1333333333333333,397.2280701754386,8.312958435207824,91.68704156479215,0.0,1,1,1,0,0,3,3,Ineficiente,False,0.0
919794,0.0880281690140845,1007.375,1.8150388936905792,98.18496110630942,0.0,1,1,1,0,0,3,3,Ineficiente,False,0.0
919896,20.0,17.5,0.0,100.0,0.0,1,0,1,0,0,2,2,Potencialmente ineficiente,False,
919956,0.0,10.75,0.0,100.0,8.333333333333332,0,0,1,0,0,1,1,Eficiente,False,1.0
919958,0.0,35.0,0.0,100.0,0.0,0,0,1,0,0,1,1,Eficiente,False,1.0
919994,0.0,69.5,0.0,100.0,0.0,0,1,1,0,0,2,2,Potencialmente ineficiente,False,
920666,0.5617977528089888,39.707317073170735,59.72850678733032,40.27149321266968,0.0,1,0,0,0,0,1,1,Eficiente,False,1.0
920706,4.411764705882353,60.22222222222222,67.3076923076923,32.69230769230769,17.142857142857142,1,1,0,0,0,2,2,Potencialmente ineficiente,False,
920720,0.0,50.71428571428572,63.69426751592356,36.30573248407643,2.1052631578947367,0,1,0,0,0,1,1,Eficiente,False,1.0
920726,1.7241379310344829,38.45454545454545,47.27272727272727,52.72727272727272,2.0,1,0,0,0,0,1,1,Eficiente,False,1.0
920728,1.4925373134328357,87.97297297297297,33.0,67.0,5.47945205479452,1,1,0,0,0,2,2,Potencialmente ineficiente,False,
920732,0.0,68.83333333333333,57.509157509157504,42.49084249084249,4.838709677419355,0,1,0,0,0,1,1,Eficiente,False,1.0
920838,0.0,31.666666666666668,72.57383966244726,27.42616033755274,1.36986301369863,0,0,0,0,0,0,0,Eficiente,False,1.0
920852,1.0416666666666663,52.075,59.06183368869936,40.93816631130064,0.99009900990099,1,1,0,0,0,2,2,Potencialmente ineficiente,False,
920874,0.0,48.05263157894737,0.0,100.0,0.0,0,1,1,0,0,2,2,Potencialmente ineficiente,False,
920902,2.083333333333333,88.58333333333333,26.15384615384616,73.84615384615385,0.0,1,1,0,0,0,2,2,Potencialmente ineficiente,False,
920930,0.0,62.0,0.0,100.0,0.0,0,1,1,0,0,2,2,Potencialmente ineficiente,False,
920982,0.0,48.22222222222222,0.0,100.0,0.0,0,1,1,0,0,2,2,Potencialmente ineficiente,False,
921062,0.0,36.85294117647059,5.042016806722689,94.9579831932773,2.702702702702702,0,0,1,0,0,1,1,Eficiente,False,1.0
921102,0.0,29.33333333333333,53.57142857142857,46.42857142857143,21.052631578947366,0,0,0,0,1,1,1,Eficiente,True,1.0
921104,0.0,30.75,60.0,40.0,28.57142857142857,0,0,0,0,1,1,1,Eficiente,True,1.0
921306,1.0050251256281406,179.08510638297872,57.659574468085104,42.340425531914896,0.7936507936507936,1,1,0,0,0,2,2,Potencialmente ineficiente,False,
921318,0.2582866982350409,615.4181818181818,52.42678681138644,47.57321318861356,9.271523178807946,1,1,0,0,0,2,2,Potencialmente ineficiente,False,
921320,1.2658227848101269,85.76190476190476,77.29885057471265,22.701149425287355,0.0,1,1,0,0,0,2,2,Potencialmente ineficiente,False,
921814,2.380952380952381,56.6,50.588235294117645,49.41176470588236,27.27272727272727,1,1,0,0,1,3,3,Ineficiente,True,0.0
921818,0.497787610619469,271.4428571428571,53.80684721512519,46.193152784874805,4.568527918781726,1,1,0,0,0,2,2,Potencialmente ineficiente,False,
922114,0.0,61.0,91.66666666666666,8.333333333333332,42.85714285714285,0,1,0,0,1,2,2,Potencialmente ineficiente,True,
922154,0.0,9.0,0.0,100.0,0.0,0,0,1,0,0,1,1,Eficiente,False,1.0
922356,0.0,52.44444444444444,0.0,100.0,0.0,0,1,1,0,0,2,2,Potencialmente ineficiente,False,
922428,0.0,14.25,88.31168831168831,11.688311688311687,19.11764705882353,0,0,0,0,1,1,1,Eficiente,True,1.0
922474,0.0,31.6875,77.00729927007299,22.99270072992701,33.33333333333333,0,0,0,0,1,1,1,Eficiente,True,1.0
922486,0.0,8.0,83.33333333333334,16.666666666666664,60.0,0,0,0,0,1,1,1,Eficiente,True,1.0
922698,0.0,21.5,75.0,25.0,42.85714285714285,0,0,0,0,1,1,1,Eficiente,True,1.0
923254,0.0,45.0,90.0,10.0,0.0,0,1,0,0,0,1,1,Eficiente,False,1.0
923526,0.2219755826859045,111.11111111111111,67.03256494694475,32.96743505305525,0.546448087431694,1,1,0,0,0,2,2,Potencialmente ineficiente,False,
923528,1.680672268907563,59.9375,84.28005284015853,15.71994715984148,0.7936507936507936,1,1,0,0,0,2,2,Potencialmente ineficiente,False,
923646,0.0,19.0,0.0,100.0,100.0,0,0,1,0,1,2,2,Potencialmente ineficiente,True,
923744,0.0,5.0,0.0,100.0,0.0,0,0,1,0,0,1,1,Eficiente,False,1.0
923944,0.0,17.214285714285715,0.0,100.0,0.0,0,0,1,0,0,1,1,Eficiente,False,1.0
924544,0.0,20.176470588235293,11.11111111111111,88.88888888888889,0.0,0,0,1,0,0,1,1,Eficiente,False,1.0
924546,2.272727272727273,30.47826086956522,61.73913043478261,38.26086956521739,0.0,1,0,0,0,0,1,1,Eficiente,False,1.0
924614,0.0,9.25,72.72727272727273,27.27272727272727,0.0,0,0,0,0,0,0,0,Eficiente,False,1.0
924662,0.0,20.0,0.0,100.0,0.0,0,0,1,0,0,1,1,Eficiente,False,1.0
924928,3.333333333333333,65.2,62.0253164556962,37.9746835443038,48.837209302325576,1,1,0,0,1,3,3,Ineficiente,True,0.0
924930,4.761904761904762,35.38461538461539,91.42857142857144,8.571428571428571,30.95238095238096,1,0,0,0,1,2,2,Potencialmente ineficiente,True,
924932,0.0,18.0,90.32258064516128,9.67741935483871,73.91304347826086,0,0,0,0,1,1,1,Eficiente,True,1.0
924934,0.0,64.0,99.12891986062718,0.8710801393728222,45.54455445544555,0,1,0,0,1,2,2,Potencialmente ineficiente,True,
924936,12.5,25.666666666666668,0.0,100.0,0.0,1,0,1,0,0,2,2,Potencialmente ineficiente,False,
924940,0.0,27.33333333333333,96.01990049751244,3.9800995024875614,26.08695652173913,0,0,0,0,1,1,1,Eficiente,True,1.0
924946,0.0,43.0,85.41666666666666,14.583333333333334,48.0,0,0,0,0,1,1,1,Eficiente,True,1.0
924948,6.666666666666667,22.666666666666668,94.0711462450593,5.928853754940711,26.373626373626376,1,0,0,0,1,2,2,Potencialmente ineficiente,True,
924950,0.0,34.705882352941174,91.98717948717947,8.012820512820513,36.44859813084112,0,0,0,0,1,1,1,Eficiente,True,1.0
924952,0.0,42.45454545454545,80.35714285714286,19.642857142857142,38.59649122807017,0,0,0,0,1,1,1,Eficiente,True,1.0
924954,5.263157894736842,46.46153846153846,86.13138686131386,13.86861313868613,32.758620689655174,1,1,0,0,1,3,3,Ineficiente,True,0.0
924956,0.0,32.73684210526316,65.95744680851064,34.04255319148936,28.26086956521739,0,0,0,0,1,1,1,Eficiente,True,1.0
924958,0.0,22.0,88.11475409836066,11.885245901639344,34.02061855670103,0,0,0,0,1,1,1,Eficiente,True,1.0
924960,1.851851851851852,38.064516129032256,80.98591549295774,19.01408450704225,35.07462686567165,1,0,0,0,1,2,2,Potencialmente ineficiente,True,
925104,0.0,112.1206896551724,57.53891050583657,42.461089494163424,0.5988023952095809,0,1,0,0,0,1,1,Eficiente,False,1.0
925106,0.0,37.73333333333333,0.0,100.0,13.333333333333334,0,0,1,0,0,1,1,Eficiente,False,1.0
925808,0.0,23.22222222222222,0.0,100.0,22.22222222222222,0,0,1,0,1,2,2,Potencialmente ineficiente,True,
925826,0.6369426751592357,29.45945945945946,76.46176911544228,23.53823088455772,4.545454545454546,1,0,0,0,0,1,1,Eficiente,False,1.0
925828,0.0,29.41176470588235,72.83531409168081,27.164685908319186,0.0,0,0,0,0,0,0,0,Eficiente,False,1.0
925922,1.9138755980861244,104.14814814814817,97.91219219819187,2.087807801808101,0.0,1,1,0,0,0,2,2,Potencialmente ineficiente,False,
926184,0.0,25.8,46.26865671641791,53.73134328358209,14.814814814814811,0,0,0,0,0,0,0,Eficiente,False,1.0
926214,0.0,27.0,0.0,100.0,0.0,0,0,1,0,0,1,1,Eficiente,False,1.0
926312,0.0,15.0,92.85714285714286,7.142857142857142,1.9230769230769231,0,0,0,0,0,0,0,Eficiente,False,1.0
926486,0.0,10.727272727272728,99.3897122929381,0.6102877070619006,0.0,0,0,0,0,0,0,0,Eficiente,False,1.0
926490,9.090909090909092,27.33333333333333,92.36111111111111,7.638888888888889,15.68627450980392,1,0,0,0,0,1,1,Eficiente,False,1.0
926872,4.166666666666666,1.4615384615384617,22.58064516129032,77.41935483870968,0.0,1,0,1,0,0,2,2,Potencialmente ineficiente,False,
927070,0.0,70.75,0.0,100.0,0.0,0,1,1,0,0,2,2,Potencialmente ineficiente,False,
927142,0.0,3.75,42.85714285714285,57.14285714285714,0.0,0,0,0,0,0,0,0,Eficiente,False,1.0
927908,0.0,4.333333333333333,0.0,100.0,0.0,0,0,1,0,0,1,1,Eficiente,False,1.0
927910,4.3478260869565215,6.555555555555555,0.0,100.0,0.0,1,0,1,0,0,2,2,Potencialmente ineficiente,False,
927912,5.88235294117647,5.75,0.0,100.0,0.0,1,0,1,0,0,2,2,Potencialmente ineficiente,False,
927916,0.0,15.27777777777778,76.07142857142857,23.92857142857143,0.0,0,0,0,0,0,0,0,Eficiente,False,1.0
928022,0.0,31.0,0.0,100.0,0.0,0,0,1,0,0,1,1,Eficiente,False,1.0
928092,0.0,78.66666666666667,0.0,100.0,0.0,0,1,1,0,0,2,2,Potencialmente ineficiente,False,
928142,0.0,13.714285714285714,0.0,100.0,0.0,0,0,1,0,0,1,1,Eficiente,False,1.0
928202,0.0,26.5,0.0,100.0,7.142857142857142,0,0,1,0,0,1,1,Eficiente,False,1.0
928312,0.0,18.642857142857142,99.03691813804171,0.9630818619582664,10.309278350515465,0,0,0,0,0,0,0,Eficiente,False,1.0
928382,11.11111111111111,3.857142857142857,50.0,50.0,0.0,1,0,0,0,0,1,1,Eficiente,False,1.0
928404,0.0,25.666666666666668,0.0,100.0,0.0,0,0,1,0,0,1,1,Eficiente,False,1.0
928886,1.8867924528301887,18.16,92.77929155313352,7.220708446866484,1.0638297872340423,1,0,0,0,0,1,1,Eficiente,False,1.0
928888,0.3184713375796179,72.11428571428571,63.78316032295272,36.21683967704729,3.738317757009345,1,1,0,0,0,2,2,Potencialmente ineficiente,False,
928926,0.0,5.0,93.75,6.25,0.0,0,0,0,0,0,0,0,Eficiente,False,1.0
929228,0.0,24.0,98.86363636363636,1.1363636363636365,9.090909090909092,0,0,0,0,0,0,0,Eficiente,False,1.0
929332,0.0,33.5,0.0,100.0,6.25,0,0,1,0,0,1,1,Eficiente,False,1.0
929340,0.0,58.16666666666666,0.0,100.0,16.666666666666664,0,1,1,0,0,2,2,Potencialmente ineficiente,False,
929424,0.2369668246445497,33.87755102040816,75.78886976477338,24.211130235226623,1.574803149606299,1,0,0,0,0,1,1,Eficiente,False,1.0
929622,0.0,20.25,25.0,75.0,0.0,0,0,0,0,0,0,0,Eficiente,False,1.0
929626,0.0,24.33333333333333,36.36363636363637,63.63636363636363,3.333333333333333,0,0,0,0,0,0,0,Eficiente,False,1.0
929876,2.7777777777777777,25.894736842105264,68.42105263157895,31.57894736842105,16.39344262295082,1,0,0,0,0,1,1,Eficiente,False,1.0
929884,0.0,44.54545454545455,44.642857142857146,55.35714285714286,4.0,0,1,0,0,0,1,1,Eficiente,False,1.0
930020,5.88235294117647,24.24137931034483,86.71875,13.28125,6.0606060606060606,1,0,0,0,0,1,1,Eficiente,False,1.0
930186,0.0,6.75,91.3793103448276,8.620689655172415,0.0,0,0,0,0,0,0,0,Eficiente,False,1.0
930242,25.0,17.25,0.0,100.0,0.0,1,0,1,0,0,2,2,Potencialmente ineficiente,False,
930264,0.0,13.0,0.0,100.0,0.0,0,0,1,0,0,1,1,Eficiente,False,1.0
930326,0.0,14.625,9.090909090909092,90.9090909090909,0.0,0,0,1,0,0,1,1,Eficiente,False,1.0
930510,0.0,22.0,50.0,50.0,0.0,0,0,0,0,0,0,0,Eficiente,False,1.0
930582,0.0,16.0,0.0,100.0,0.0,0,0,1,0,0,1,1,Eficiente,False,1.0
930594,0.0,21.0,96.36363636363636,3.636363636363636,0.0,0,0,0,0,0,0,0,Eficiente,False,1.0
930660,0.0,13.0,82.6086956521739,17.391304347826086,25.0,0,0,0,0,1,1,1,Eficiente,True,1.0
930690,0.0,6.5,66.66666666666666,33.33333333333333,0.0,0,0,0,0,0,0,0,Eficiente,False,1.0
930814,0.0,19.444444444444443,21.428571428571427,78.57142857142857,0.0,0,0,1,0,0,1,1,Eficiente,False,1.0
930816,0.0,12.75,20.0,80.0,0.0,0,0,1,0,0,1,1,Eficiente,False,1.0
930818,0.0,13.666666666666666,0.0,100.0,0.0,0,0,1,0,0,1,1,Eficiente,False,1.0
930820,0.0,14.2,16.666666666666664,83.33333333333334,0.0,0,0,1,0,0,1,1,Eficiente,False,1.0
930908,0.0,8.818181818181818,54.054054054054056,45.94594594594595,6.976744186046512,0,0,0,0,0,0,0,Eficiente,False,1.0
930910,0.0,5.0,92.3076923076923,7.6923076923076925,10.0,0,0,0,0,0,0,0,Eficiente,False,1.0
931458,0.4812319538017324,681.9615384615385,53.208736770997525,46.79126322900248,7.857142857142857,1,1,0,0,0,2,2,Potencialmente ineficiente,False,
931914,0.0,28.33333333333333,0.0,100.0,0.0,0,0,1,0,0,1,1,Eficiente,False,1.0
932292,0.0,22.0,94.1747572815534,5.825242718446602,0.0,0,0,0,0,0,0,0,Eficiente,False,1.0
932304,0.0,20.0,95.65217391304348,4.3478260869565215,5.263157894736842,0,0,0,0,0,0,0,Eficiente,False,1.0
932460,4.0,27.866666666666667,0.0,100.0,0.0,1,0,1,0,0,2,2,Potencialmente ineficiente,False,
932498,0.0,11.0,99.63636363636364,0.3636363636363636,0.0,0,0,0,0,0,0,0,Eficiente,False,1.0
932500,0.0,24.0,99.3191489361702,0.6808510638297872,0.0,0,0,0,0,0,0,0,Eficiente,False,1.0
932502,0.0,15.75,99.4729907773386,0.5270092226613966,0.0,0,0,0,0,0,0,0,Eficiente,False,1.0
932672,0.0,3.333333333333333,0.0,100.0,0.0,0,0,1,0,0,1,1,Eficiente,False,1.0
932750,0.0,23.0,58.620689655172406,41.37931034482759,0.0,0,0,0,0,0,0,0,Eficiente,False,1.0
932754,0.0,5.5,60.0,40.0,0.0,0,0,0,0,0,0,0,Eficiente,False,1.0
932798,1.020408163265306,36.96153846153846,9.25925925925926,90.74074074074076,11.76470588235294,1,0,1,0,0,2,2,Potencialmente ineficiente,False,
932836,0.0,24.545454545454547,93.55828220858896,6.441717791411043,26.595744680851062,0,0,0,0,1,1,1,Eficiente,True,1.0
933070,1.4925373134328357,72.66666666666667,92.10836277974089,7.891637220259129,0.0,1,1,0,0,0,2,2,Potencialmente ineficiente,False,
933244,0.0,9.0,97.67441860465117,2.3255813953488373,0.0,0,0,0,0,0,0,0,Eficiente,False,1.0
933804,0.0,24.714285714285715,0.0,100.0,0.0,0,0,1,0,0,1,1,Eficiente,False,1.0
933832,0.0,36.875,0.0,100.0,0.0,0,0,1,0,0,1,1,Eficiente,False,1.0
933986,7.142857142857142,23.0,41.66666666666667,58.333333333333336,14.285714285714285,1,0,0,0,0,1,1,Eficiente,False,1.0
933996,0.0,25.5,73.33333333333333,26.666666666666668,33.33333333333333,0,0,0,0,1,1,1,Eficiente,True,1.0
934000,0.0,24.4,20.0,80.0,28.57142857142857,0,0,1,0,1,2,2,Potencialmente ineficiente,True,
934074,2.702702702702702,28.105263157894736,0.0,100.0,0.0,1,0,1,0,0,2,2,Potencialmente ineficiente,False,
934076,9.090909090909092,44.42857142857143,0.0,100.0,0.0,1,1,1,0,0,3,3,Ineficiente,False,0.0
934098,33.33333333333333,31.8,0.0,100.0,40.0,1,0,1,0,1,3,3,Ineficiente,True,0.0
934170,0.0,16.4,0.0,100.0,0.0,0,0,1,0,0,1,1,Eficiente,False,1.0
934188,0.0,34.666666666666664,25.0,75.0,0.0,0,0,0,0,0,0,0,Eficiente,False,1.0
934424,0.0,32.8,0.0,100.0,0.0,0,0,1,0,0,1,1,Eficiente,False,1.0
934428,0.0,40.47619047619048,0.0,100.0,0.0,0,0,1,0,0,1,1,Eficiente,False,1.0
934430,3.571428571428571,35.18181818181818,0.0,100.0,0.0,1,0,1,0,0,2,2,Potencialmente ineficiente,False,
934432,0.0,47.833333333333336,0.0,100.0,0.0,0,1,1,0,0,2,2,Potencialmente ineficiente,False,
934476,0.0,13.0,90.9090909090909,9.090909090909092,100.0,0,0,0,0,1,1,1,Eficiente,True,1.0
934534,1.574803149606299,61.8421052631579,0.0,100.0,5.263157894736842,1,1,1,0,0,3,3,Ineficiente,False,0.0
934608,0.0,17.142857142857142,0.0,100.0,0.0,0,0,1,0,0,1,1,Eficiente,False,1.0
935216,0.0,5.0,94.28571428571428,5.714285714285714,15.789473684210526,0,0,0,0,0,0,0,Eficiente,False,1.0
935244,0.0,38.0,93.10344827586206,6.896551724137931,0.0,0,0,0,0,0,0,0,Eficiente,False,1.0
935264,0.0,14.0,93.22033898305084,6.779661016949152,0.0,0,0,0,0,0,0,0,Eficiente,False,1.0
935268,0.0,12.0,0.0,100.0,0.0,0,0,1,0,0,1,1,Eficiente,False,1.0
935348,0.6802721088435374,51.63636363636363,53.48101265822785,46.51898734177215,4.878048780487805,1,1,0,0,0,2,2,Potencialmente ineficiente,False,
935394,0.0,7.0,0.0,100.0,0.0,0,0,1,0,0,1,1,Eficiente,False,1.0
935548,0.0,17.25,13.636363636363637,86.36363636363636,6.666666666666667,0,0,1,0,0,1,1,Eficiente,False,1.0
935870,0.0,14.714285714285714,0.0,100.0,0.0,0,0,1,0,0,1,1,Eficiente,False,1.0
935956,0.0,52.5,33.33333333333333,66.66666666666666,0.0,0,1,0,0,0,1,1,Eficiente,False,1.0
935958,2.857142857142857,38.95,0.0,100.0,15.0,1,0,1,0,0,2,2,Potencialmente ineficiente,False,
936110,0.0,59.707317073170735,0.0,100.0,2.4390243902439024,0,1,1,0,0,2,2,Potencialmente ineficiente,False,
936324,0.0,32.666666666666664,77.23577235772358,22.76422764227642,5.88235294117647,0,0,0,0,0,0,0,Eficiente,False,1.0
936382,0.0,39.0,99.74424552429667,0.2557544757033248,7.894736842105263,0,0,0,0,0,0,0,Eficiente,False,1.0
936514,1.2345679012345678,45.0,0.0,100.0,14.705882352941178,1,1,1,0,0,3,3,Ineficiente,False,0.0
936984,0.0,30.25,0.0,100.0,0.0,0,0,1,0,0,1,1,Eficiente,False,1.0
937362,0.0,126.5,50.0,50.0,40.0,0,1,0,0,1,2,2,Potencialmente ineficiente,True,
937366,0.0,80.5,40.0,60.0,25.0,0,1,0,0,1,2,2,Potencialmente ineficiente,True,
937368,9.090909090909092,40.84615384615385,31.25,68.75,11.76470588235294,1,0,0,0,0,1,1,Eficiente,False,1.0
937370,0.0,7.0,83.33333333333334,16.666666666666664,75.0,0,0,0,0,1,1,1,Eficiente,True,1.0
937374,0.0,55.9375,0.0,100.0,0.0,0,1,1,0,0,2,2,Potencialmente ineficiente,False,
937432,33.33333333333333,12.0,86.36363636363636,13.636363636363637,62.5,1,0,0,0,1,2,2,Potencialmente ineficiente,True,
937604,0.0,16.0,88.13559322033898,11.864406779661016,16.666666666666664,0,0,0,0,0,0,0,Eficiente,False,1.0
937678,0.0,15.833333333333334,90.85714285714286,9.142857142857142,3.1746031746031744,0,0,0,0,0,0,0,Eficiente,False,1.0
937708,0.0,78.1875,77.32696897374701,22.673031026252985,2.1739130434782608,0,1,0,0,0,1,1,Eficiente,False,1.0
937732,1.7241379310344829,60.1764705882353,62.21498371335505,37.78501628664496,3.614457831325301,1,1,0,0,0,2,2,Potencialmente ineficiente,False,
937736,0.7042253521126761,109.52941176470588,80.23660403618649,19.7633959638135,5.494505494505495,1,1,0,0,0,2,2,Potencialmente ineficiente,False,
937742,0.0,23.63636363636364,15.789473684210526,84.21052631578947,7.142857142857142,0,0,1,0,0,1,1,Eficiente,False,1.0
937750,1.7543859649122806,53.0,44.66019417475729,55.33980582524271,3.225806451612903,1,1,0,0,0,2,2,Potencialmente ineficiente,False,
937752,0.0,118.36842105263158,79.6844181459566,20.3155818540434,6.122448979591836,0,1,0,0,0,1,1,Eficiente,False,1.0
937760,0.3424657534246575,97.45714285714286,71.34445534838076,28.65554465161924,4.2105263157894735,1,1,0,0,0,2,2,Potencialmente ineficiente,False,
937762,1.0416666666666663,38.78787878787879,67.12328767123287,32.87671232876712,5.434782608695652,1,0,0,0,0,1,1,Eficiente,False,1.0
937774,0.0,79.91666666666667,49.64028776978417,50.35971223021583,6.666666666666667,0,1,0,0,0,1,1,Eficiente,False,1.0
937780,1.25,49.083333333333336,83.03287380699894,16.96712619300106,12.63157894736842,1,1,0,0,0,2,2,Potencialmente ineficiente,False,
937782,0.0,20.875,50.98039215686274,49.01960784313725,0.0,0,0,0,0,0,0,0,Eficiente,False,1.0
937786,0.0,13.5,80.0,20.0,42.85714285714285,0,0,0,0,1,1,1,Eficiente,True,1.0
937788,0.0,52.11111111111112,79.06197654941374,20.938023450586265,1.2345679012345678,0,1,0,0,0,1,1,Eficiente,False,1.0
937808,0.7874015748031495,45.7,86.46055437100213,13.539445628997868,3.4482758620689653,1,1,0,0,0,2,2,Potencialmente ineficiente,False,
937810,0.0,23.06451612903226,77.40112994350282,22.598870056497177,7.954545454545454,0,0,0,0,0,0,0,Eficiente,False,1.0
937812,0.6024096385542169,75.26666666666667,52.97450424929179,47.02549575070821,2.5,1,1,0,0,0,2,2,Potencialmente ineficiente,False,
937854,0.0,48.58064516129032,77.12691771269176,22.87308228730823,9.278350515463918,0,1,0,0,0,1,1,Eficiente,False,1.0
937856,0.0,17.142857142857142,71.7948717948718,28.205128205128204,3.8461538461538463,0,0,0,0,0,0,0,Eficiente,False,1.0
937860,1.3392857142857142,54.0,86.40776699029125,13.592233009708735,4.938271604938271,1,1,0,0,0,2,2,Potencialmente ineficiente,False,
937862,0.0,48.93103448275862,74.31578947368422,25.684210526315788,2.3529411764705883,0,1,0,0,0,1,1,Eficiente,False,1.0
937864,2.083333333333333,27.5,50.51546391752577,49.48453608247423,14.814814814814811,1,0,0,0,0,1,1,Eficiente,False,1.0
937868,1.5873015873015872,30.13043478260869,79.87220447284345,20.12779552715655,1.351351351351351,1,0,0,0,0,1,1,Eficiente,False,1.0
937874,5.263157894736842,28.666666666666668,87.33333333333333,12.666666666666668,6.25,1,0,0,0,0,1,1,Eficiente,False,1.0
937880,0.0,13.0,0.0,100.0,20.0,0,0,1,0,1,2,2,Potencialmente ineficiente,True,
937888,0.0,45.371428571428574,83.43347639484978,16.566523605150216,3.125,0,1,0,0,0,1,1,Eficiente,False,1.0
937898,11.11111111111111,34.0,78.04878048780488,21.951219512195124,20.0,1,0,0,0,1,2,2,Potencialmente ineficiente,True,
937902,0.4048582995951417,97.36666666666666,78.44677137870855,21.55322862129145,2.197802197802198,1,1,0,0,0,2,2,Potencialmente ineficiente,False,
937956,1.034928848641656,17.440677966101696,0.1291989664082687,99.87080103359172,11.666666666666666,1,0,1,0,0,2,2,Potencialmente ineficiente,False,
937958,1.7123287671232876,38.83018867924528,0.0,100.0,9.433962264150944,1,0,1,0,0,2,2,Potencialmente ineficiente,False,
937960,0.9803921568627452,47.95744680851064,0.0,100.0,8.51063829787234,1,1,1,0,0,3,3,Ineficiente,False,0.0
937962,2.830188679245284,49.51351351351352,0.0,100.0,16.216216216216218,1,1,1,0,0,3,3,Ineficiente,False,0.0
937966,0.823045267489712,63.9375,77.11864406779661,22.88135593220339,3.260869565217391,1,1,0,0,0,2,2,Potencialmente ineficiente,False,
937980,0.0,42.8,63.87665198237885,36.12334801762114,22.0,0,0,0,0,1,1,1,Eficiente,True,1.0
937984,0.0,25.33333333333333,61.90476190476191,38.095238095238095,38.46153846153847,0,0,0,0,1,1,1,Eficiente,True,1.0
937988,0.0,30.8,79.1907514450867,20.809248554913296,1.4925373134328357,0,0,0,0,0,0,0,Eficiente,False,1.0
938022,0.0,30.2,94.9820788530466,5.017921146953405,6.25,0,0,0,0,0,0,0,Eficiente,False,1.0
938414,2.1505376344086025,238.5555555555556,33.093525179856115,66.90647482014388,3.571428571428571,1,1,0,0,0,2,2,Potencialmente ineficiente,False,
938432,0.0,30.666666666666668,0.0,100.0,0.0,0,0,1,0,0,1,1,Eficiente,False,1.0
938612,0.0,20.11764705882353,66.13756613756614,33.86243386243386,0.0,0,0,0,0,0,0,0,Eficiente,False,1.0
938614,3.0303030303030303,15.76923076923077,46.774193548387096,53.2258064516129,0.0,1,0,0,0,0,1,1,Eficiente,False,1.0
938896,0.4725897920604915,174.08510638297872,68.22822822822823,31.77177177177177,4.3478260869565215,1,1,0,0,0,2,2,Potencialmente ineficiente,False,
939212,0.0,21.285714285714285,52.94117647058824,47.05882352941176,7.142857142857142,0,0,0,0,0,0,0,Eficiente,False,1.0
939218,0.0,9.666666666666666,97.02702702702702,2.972972972972973,0.0,0,0,0,0,0,0,0,Eficiente,False,1.0
939222,0.0,19.61904761904762,96.25137816979051,3.7486218302094816,0.0,0,0,0,0,0,0,0,Eficiente,False,1.0
939224,3.125,34.333333333333336,97.6693372177713,2.3306627822286963,0.0,1,0,0,0,0,1,1,Eficiente,False,1.0
939370,0.8298755186721992,207.5681818181818,50.46248715313464,49.53751284686537,0.0,1,1,0,0,0,2,2,Potencialmente ineficiente,False,
939376,0.3831417624521072,123.56666666666666,80.46407185628742,19.53592814371257,0.0,1,1,0,0,0,2,2,Potencialmente ineficiente,False,
939470,0.0,36.71428571428572,97.45989304812836,2.5401069518716577,6.666666666666667,0,0,0,0,0,0,0,Eficiente,False,1.0
939474,0.0,135.85,75.0,25.0,0.0,0,1,0,0,0,1,1,Eficiente,False,1.0
939476,2.5,53.0,94.70899470899472,5.291005291005291,0.0,1,1,0,0,0,2,2,Potencialmente ineficiente,False,
939478,5.263157894736842,44.75,84.67741935483872,15.32258064516129,4.651162790697675,1,1,0,0,0,2,2,Potencialmente ineficiente,False,
939684,0.0,22.0,88.51351351351352,11.486486486486488,25.0,0,0,0,0,1,1,1,Eficiente,True,1.0
939698,0.0,13.0,33.33333333333333,66.66666666666666,0.0,0,0,0,0,0,0,0,Eficiente,False,1.0
939706,0.7707129094412332,144.84848484848484,66.34241245136187,33.65758754863813,4.411764705882353,1,1,0,0,0,2,2,Potencialmente ineficiente,False,
939708,10.0,17.714285714285715,78.26086956521739,21.73913043478261,0.0,1,0,0,0,0,1,1,Eficiente,False,1.0
939716,0.0,20.0,66.66666666666666,33.33333333333333,41.66666666666667,0,0,0,0,1,1,1,Eficiente,True,1.0
939762,0.0,334.7560975609756,69.9180938198064,30.081906180193595,7.751937984496124,0,1,0,0,0,1,1,Eficiente,False,1.0
940430,1.5625,2.44,29.67032967032967,70.32967032967034,3.7037037037037033,1,0,0,0,0,1,1,Eficiente,False,1.0
940432,0.0,60.47058823529412,54.42622950819672,45.57377049180328,0.0,0,1,0,0,0,1,1,Eficiente,False,1.0
940434,0.0,29.666666666666668,51.35135135135135,48.64864864864865,0.0,0,0,0,0,0,0,0,Eficiente,False,1.0
940436,0.0,36.11111111111112,16.666666666666664,83.33333333333334,0.0,0,0,1,0,0,1,1,Eficiente,False,1.0
940438,0.0,15.363636363636363,85.77981651376146,14.220183486238533,0.0,0,0,0,0,0,0,0,Eficiente,False,1.0
940440,0.0,32.4375,23.33333333333333,76.66666666666667,0.0,0,0,1,0,0,1,1,Eficiente,False,1.0
940442,1.020408163265306,4.962962962962963,60.24340770791075,39.75659229208925,0.0,1,0,0,0,0,1,1,Eficiente,False,1.0
940456,0.0,14.266666666666667,55.172413793103445,44.82758620689656,30.55555555555556,0,0,0,0,1,1,1,Eficiente,True,1.0
940458,0.0,37.73684210526316,74.15730337078652,25.842696629213485,9.30232558139535,0,0,0,0,0,0,0,Eficiente,False,1.0
940508,0.0,41.5,0.0,100.0,50.0,0,0,1,0,1,2,2,Potencialmente ineficiente,True,
940512,0.0,19.0,0.0,100.0,0.0,0,0,1,0,0,1,1,Eficiente,False,1.0
940514,0.0,11.0,0.0,100.0,0.0,0,0,1,0,0,1,1,Eficiente,False,1.0
940568,0.0,9.0,70.0,30.0,66.66666666666666,0,0,0,0,1,1,1,Eficiente,True,1.0
940588,0.7052186177715092,127.23076923076924,3.0537830446672745,96.94621695533272,14.705882352941178,1,1,1,0,0,3,3,Ineficiente,False,0.0
940596,0.0,4.0,99.75429975429977,0.2457002457002457,40.0,0,0,0,0,1,1,1,Eficiente,True,1.0
940610,0.0,4.0,50.0,50.0,50.0,0,0,0,0,1,1,1,Eficiente,True,1.0
940614,2.0689655172413794,42.81818181818182,74.6059544658494,25.39404553415061,10.714285714285714,1,0,0,0,0,1,1,Eficiente,False,1.0
940616,0.8650519031141869,103.16129032258064,80.54527095254123,19.45472904745877,10.256410256410255,1,1,0,0,0,2,2,Potencialmente ineficiente,False,
940622,1.4771048744460855,109.25,51.46953405017921,48.53046594982079,15.254237288135592,1,1,0,0,0,2,2,Potencialmente ineficiente,False,
940624,0.5244755244755245,95.3529411764706,67.08860759493672,32.91139240506329,12.658227848101266,1,1,0,0,0,2,2,Potencialmente ineficiente,False,
940630,0.5541561712846348,165.9591836734694,6.013257575757576,93.98674242424242,26.229508196721312,1,1,1,0,1,4,4,Ineficiente,True,0.0
940634,1.3888888888888888,111.53333333333332,78.97810218978101,21.021897810218977,10.44776119402985,1,1,0,0,0,2,2,Potencialmente ineficiente,False,
940652,1.6908212560386473,61.32142857142857,67.50392464678178,32.49607535321821,14.545454545454543,1,1,0,0,0,2,2,Potencialmente ineficiente,False,
940658,0.6960556844547563,113.0,66.69242658423494,33.30757341576507,13.095238095238097,1,1,0,0,0,2,2,Potencialmente ineficiente,False,
940772,0.0,9.0,0.0,100.0,100.0,0,0,1,0,1,2,2,Potencialmente ineficiente,True,
940828,0.0,2.0,87.5,12.5,50.0,0,0,0,0,1,1,1,Eficiente,True,1.0
940952,0.0,139.53846153846155,43.82470119521912,56.17529880478087,0.0,0,1,0,0,0,1,1,Eficiente,False,1.0
940968,0.0,24.07692307692308,0.0,100.0,0.0,0,0,1,0,0,1,1,Eficiente,False,1.0
941384,0.0,23.125,93.17211948790896,6.827880512091039,2.3255813953488373,0,0,0,0,0,0,0,Eficiente,False,1.0
941390,0.0,5.0,99.72972972972973,0.2702702702702703,0.0,0,0,0,0,0,0,0,Eficiente,False,1.0
941628,0.0,19.0,99.32432432432432,0.6756756756756757,0.0,0,0,0,0,0,0,0,Eficiente,False,1.0
941786,0.0,39.0,0.0,100.0,0.0,0,0,1,0,0,1,1,Eficiente,False,1.0
941844,14.285714285714285,29.25,61.11111111111112,38.88888888888889,0.0,1,0,0,0,0,1,1,Eficiente,False,1.0
942214,0.0,10.5,0.0,100.0,50.0,0,0,1,0,1,2,2,Potencialmente ineficiente,True,
943066,0.0,73.8125,65.76923076923077,34.23076923076923,0.0,0,1,0,0,0,1,1,Eficiente,False,1.0
943818,0.0,5.0,95.65217391304348,4.3478260869565215,33.33333333333333,0,0,0,0,1,1,1,Eficiente,True,1.0
944210,0.0,219.73684210526315,28.75,71.25,0.0,0,1,0,0,0,1,1,Eficiente,False,1.0
944216,6.808510638297872,160.92307692307693,36.141304347826086,63.85869565217392,1.1235955056179776,1,1,0,0,0,2,2,Potencialmente ineficiente,False,
944218,4.489795918367347,187.41666666666663,40.09779951100245,59.90220048899756,0.0,1,1,0,0,0,2,2,Potencialmente ineficiente,False,
944220,4.528301886792453,187.41176470588235,45.47325102880658,54.52674897119342,1.8867924528301887,1,1,0,0,0,2,2,Potencialmente ineficiente,False,
944222,5.9459459459459465,139.26666666666668,65.02835538752363,34.97164461247637,1.0416666666666663,1,1,0,0,0,2,2,Potencialmente ineficiente,False,
944226,7.777777777777778,153.58,37.71626297577855,62.28373702422145,0.0,1,1,0,0,0,2,2,Potencialmente ineficiente,False,
944228,0.0,141.3,14.705882352941178,85.29411764705883,0.0,0,1,1,0,0,2,2,Potencialmente ineficiente,False,
944246,0.0,66.6,10.0,90.0,0.0,0,1,1,0,0,2,2,Potencialmente ineficiente,False,
944310,0.0,7.5,0.0,100.0,50.0,0,0,1,0,1,2,2,Potencialmente ineficiente,True,
944474,0.0,75.0,66.66666666666666,33.33333333333333,0.0,0,1,0,0,0,1,1,Eficiente,False,1.0
944476,0.0,97.84615384615384,7.804878048780488,92.19512195121952,0.0,0,1,1,0,0,2,2,Potencialmente ineficiente,False,
944560,0.0,29.666666666666668,16.666666666666664,83.33333333333334,0.0,0,0,1,0,0,1,1,Eficiente,False,1.0
944564,0.0,14.0,0.0,100.0,0.0,0,0,1,0,0,1,1,Eficiente,False,1.0
944644,0.0,45.35714285714285,84.7953216374269,15.204678362573098,14.000000000000002,0,1,0,0,0,1,1,Eficiente,False,1.0
944646,0.45662100456621,85.625,60.32608695652174,39.67391304347826,5.555555555555555,1,1,0,0,0,2,2,Potencialmente ineficiente,False,
944648,0.0,66.0,89.13043478260869,10.869565217391305,56.00000000000001,0,1,0,0,1,2,2,Potencialmente ineficiente,True,
944764,0.5633802816901409,117.76190476190476,41.89852700490999,58.10147299509002,0.0,1,1,0,0,0,2,2,Potencialmente ineficiente,False,
944766,0.6578947368421052,114.5,47.94520547945205,52.05479452054794,0.0,1,1,0,0,0,2,2,Potencialmente ineficiente,False,
944808,0.0,17.5,0.0,100.0,0.0,0,0,1,0,0,1,1,Eficiente,False,1.0
944908,0.0,13.5,0.0,100.0,0.0,0,0,1,0,0,1,1,Eficiente,False,1.0
945046,5.0,81.92307692307692,32.58426966292135,67.41573033707866,20.0,1,1,0,0,1,3,3,Ineficiente,True,0.0
945052,1.694915254237288,82.88888888888889,21.333333333333336,78.66666666666666,21.052631578947366,1,1,1,0,1,4,4,Ineficiente,True,0.0
945058,0.0,37.5,20.0,80.0,0.0,0,0,1,0,0,1,1,Eficiente,False,1.0
945710,0.0,17.0,0.0,100.0,0.0,0,0,1,0,0,1,1,Eficiente,False,1.0
946020,0.0,3.0,0.0,100.0,0.0,0,0,1,0,0,1,1,Eficiente,False,1.0
946032,0.0,8.0,0.0,100.0,0.0,0,0,1,0,0,1,1,Eficiente,False,1.0
946072,0.0,6.0,50.0,50.0,50.0,0,0,0,0,1,1,1,Eficiente,True,1.0
946468,0.0,25.0,0.0,100.0,0.0,0,0,1,0,0,1,1,Eficiente,False,1.0
946582,0.0,8.0,38.0281690140845,61.97183098591549,0.0,0,0,0,0,0,0,0,Eficiente,False,1.0
946916,0.0,42.0,0.0,100.0,0.0,0,0,1,0,0,1,1,Eficiente,False,1.0
946988,0.0,15.0,62.5,37.5,0.0,0,0,0,0,0,0,0,Eficiente,False,1.0
947304,8.571428571428571,11.555555555555555,94.85294117647058,5.147058823529411,20.3125,1,0,0,0,1,2,2,Potencialmente ineficiente,True,
947306,0.0,10.0,0.0,100.0,0.0,0,0,1,0,0,1,1,Eficiente,False,1.0
947604,0.0,14.0,99.89047097480832,0.1095290251916757,15.217391304347828,0,0,0,0,0,0,0,Eficiente,False,1.0
947610,0.0,9.5,90.47619047619048,9.523809523809524,57.14285714285714,0,0,0,0,1,1,1,Eficiente,True,1.0
947612,0.0,18.0,99.07407407407408,0.9259259259259258,13.513513513513514,0,0,0,0,0,0,0,Eficiente,False,1.0
947638,0.0,27.0,99.8286203941731,0.1713796058269066,16.27906976744186,0,0,0,0,0,0,0,Eficiente,False,1.0
947642,0.0,14.0,99.88913525498891,0.1108647450110864,23.809523809523807,0,0,0,0,1,1,1,Eficiente,True,1.0
947816,0.0,36.66666666666666,72.5,27.500000000000004,10.0,0,0,0,0,0,0,0,Eficiente,False,1.0
947818,0.0,34.25,73.33333333333333,26.666666666666668,0.0,0,0,0,0,0,0,0,Eficiente,False,1.0
948150,0.0,84.66666666666667,27.27272727272727,72.72727272727273,12.5,0,1,0,0,0,1,1,Eficiente,False,1.0
948170,0.0,15.0,60.0,40.0,0.0,0,0,0,0,0,0,0,Eficiente,False,1.0
948182,0.0,56.52,80.28419182948491,19.715808170515096,2.666666666666667,0,1,0,0,0,1,1,Eficiente,False,1.0
948282,0.0,1.0,0.0,100.0,0.0,0,0,1,0,0,1,1,Eficiente,False,1.0
948284,0.0,26.75,0.0,100.0,0.0,0,0,1,0,0,1,1,Eficiente,False,1.0
948286,1.5673981191222568,135.24324324324326,0.0,100.0,10.81081081081081,1,1,1,0,0,3,3,Ineficiente,False,0.0
948288,4.545454545454546,29.6,0.0,100.0,0.0,1,0,1,0,0,2,2,Potencialmente ineficiente,False,
948524,0.0,5.5,0.0,100.0,0.0,0,0,1,0,0,1,1,Eficiente,False,1.0
948756,100.0,8.0,99.41520467836256,0.5847953216374269,25.0,1,0,0,0,1,2,2,Potencialmente ineficiente,True,
948758,5.555555555555555,57.375,96.64179104477611,3.3582089552238807,23.404255319148938,1,1,0,0,1,3,3,Ineficiente,True,0.0
949252,0.0,20.0,0.0,100.0,0.0,0,0,1,0,0,1,1,Eficiente,False,1.0
949420,0.0,1.0,16.666666666666664,83.33333333333334,0.0,0,0,1,0,0,1,1,Eficiente,False,1.0
950632,0.0,13.0,0.0,100.0,0.0,0,0,1,0,0,1,1,Eficiente,False,1.0
950634,0.0,13.75,0.0,100.0,0.0,0,0,1,0,0,1,1,Eficiente,False,1.0
950640,0.0,9.0,0.0,100.0,0.0,0,0,1,0,0,1,1,Eficiente,False,1.0
950672,0.0,13.0,98.14814814814817,1.851851851851852,41.66666666666667,0,0,0,0,1,1,1,Eficiente,True,1.0
950806,0.0,16.75,33.33333333333333,66.66666666666666,0.0,0,0,0,0,0,0,0,Eficiente,False,1.0
950972,0.0,29.25,99.51219512195122,0.4878048780487805,0.0,0,0,0,0,0,0,0,Eficiente,False,1.0
951046,0.0,14.0,91.8918918918919,8.108108108108109,9.090909090909092,0,0,0,0,0,0,0,Eficiente,False,1.0
951118,0.0,32.5,0.0,100.0,0.0,0,0,1,0,0,1,1,Eficiente,False,1.0
951186,0.0,66.0,8.0,92.0,5.88235294117647,0,1,1,0,0,2,2,Potencialmente ineficiente,False,
951290,0.0,17.0,95.23809523809524,4.761904761904762,0.0,0,0,0,0,0,0,0,Eficiente,False,1.0
951332,0.0,64.0,38.46153846153847,61.53846153846154,37.5,0,1,0,0,1,2,2,Potencialmente ineficiente,True,
951490,3.7037037037037033,25.0,0.0,100.0,0.0,1,0,1,0,0,2,2,Potencialmente ineficiente,False,
951492,0.0,46.142857142857146,84.86486486486487,15.135135135135137,40.67796610169492,0,1,0,0,1,2,2,Potencialmente ineficiente,True,
951506,0.0,94.82352941176472,83.12236286919831,16.877637130801688,58.18181818181818,0,1,0,0,1,2,2,Potencialmente ineficiente,True,
951508,2.976190476190476,192.9090909090909,30.29045643153527,69.70954356846472,46.66666666666666,1,1,0,0,1,3,3,Ineficiente,True,0.0
951526,0.0,19.90909090909091,0.0,100.0,0.0,0,0,1,0,0,1,1,Eficiente,False,1.0
951614,0.0,23.33333333333333,0.0,100.0,0.0,0,0,1,0,0,1,1,Eficiente,False,1.0
951650,0.0,45.0,90.9090909090909,9.090909090909092,0.0,0,1,0,0,0,1,1,Eficiente,False,1.0
952114,0.0,3.0,99.836867862969,0.1631321370309951,0.0,0,0,0,0,0,0,0,Eficiente,False,1.0
952126,0.0,20.2,0.0,100.0,0.0,0,0,1,0,0,1,1,Eficiente,False,1.0
952196,0.0,12.0,50.0,50.0,25.0,0,0,0,0,1,1,1,Eficiente,True,1.0
952292,0.0,81.0,0.0,100.0,0.0,0,1,1,0,0,2,2,Potencialmente ineficiente,False,
952462,0.0,28.166666666666668,11.11111111111111,88.88888888888889,0.0,0,0,1,0,0,1,1,Eficiente,False,1.0
952656,0.0,7.5,90.47619047619048,9.523809523809524,40.0,0,0,0,0,1,1,1,Eficiente,True,1.0
952666,0.0,15.0,0.0,100.0,100.0,0,0,1,0,1,2,2,Potencialmente ineficiente,True,
952678,0.0,30.0,0.0,100.0,0.0,0,0,1,0,0,1,1,Eficiente,False,1.0
952734,0.0,23.789473684210527,0.0,100.0,0.0,0,0,1,0,0,1,1,Eficiente,False,1.0
952914,0.0,38.86666666666667,88.14589665653494,11.854103343465043,2.0408163265306123,0,0,0,0,0,0,0,Eficiente,False,1.0
952916,0.0,25.0,87.5,12.5,0.0,0,0,0,0,0,0,0,Eficiente,False,1.0
952948,0.1976284584980237,170.84848484848484,24.95762711864407,75.04237288135593,15.625,1,1,1,0,0,3,3,Ineficiente,False,0.0
952954,0.0,1.0,0.0,100.0,0.0,0,0,1,0,0,1,1,Eficiente,False,1.0
952968,0.0,5.0,33.33333333333333,66.66666666666666,0.0,0,0,0,0,0,0,0,Eficiente,False,1.0
952982,0.0,1.1666666666666667,0.0,100.0,0.0,0,0,1,0,0,1,1,Eficiente,False,1.0
953464,1.9230769230769231,28.58823529411765,85.90785907859079,14.092140921409213,15.909090909090908,1,0,0,0,0,1,1,Eficiente,False,1.0
953940,0.0,9.0,0.0,100.0,0.0,0,0,1,0,0,1,1,Eficiente,False,1.0
953952,0.0,30.33333333333333,0.0,100.0,0.0,0,0,1,0,0,1,1,Eficiente,False,1.0
954086,0.0,64.0,3.125,96.875,0.0,0,1,1,0,0,2,2,Potencialmente ineficiente,False,
954290,0.0,28.142857142857142,0.0,100.0,14.285714285714285,0,0,1,0,0,1,1,Eficiente,False,1.0
954318,0.0,4.0,50.0,50.0,0.0,0,0,0,0,0,0,0,Eficiente,False,1.0
954616,0.0,7.666666666666667,0.0,100.0,0.0,0,0,1,0,0,1,1,Eficiente,False,1.0
954650,0.4329004329004329,229.0,64.43418013856814,35.56581986143187,7.936507936507936,1,1,0,0,0,2,2,Potencialmente ineficiente,False,
954750,0.4484304932735426,271.0,23.63013698630137,76.36986301369863,35.0,1,1,1,0,1,4,4,Ineficiente,True,0.0
954810,0.0,30.545454545454547,0.0,100.0,0.0,0,0,1,0,0,1,1,Eficiente,False,1.0
955032,2.631578947368421,27.33333333333333,47.22222222222222,52.77777777777778,3.7037037037037033,1,0,0,0,0,1,1,Eficiente,False,1.0
955164,0.0,26.0,60.0,40.0,0.0,0,0,0,0,0,0,0,Eficiente,False,1.0
955436,0.0,23.0,0.0,100.0,0.0,0,0,1,0,0,1,1,Eficiente,False,1.0
956080,0.0,84.0,0.0,100.0,0.0,0,1,1,0,0,2,2,Potencialmente ineficiente,False,
956268,0.0,31.33333333333333,78.57142857142857,21.428571428571427,0.0,0,0,0,0,0,0,0,Eficiente,False,1.0
956276,0.0,17.666666666666668,52.94117647058824,47.05882352941176,14.285714285714285,0,0,0,0,0,0,0,Eficiente,False,1.0
956292,0.0,11.666666666666666,40.0,60.0,25.0,0,0,0,0,1,1,1,Eficiente,True,1.0
956480,0.0,72.70588235294117,0.0,100.0,0.0,0,1,1,0,0,2,2,Potencialmente ineficiente,False,
956484,0.0,30.33333333333333,0.0,100.0,0.0,0,0,1,0,0,1,1,Eficiente,False,1.0
956664,0.0,9.0,0.0,100.0,0.0,0,0,1,0,0,1,1,Eficiente,False,1.0
957922,33.33333333333333,13.0,84.21052631578947,15.789473684210526,44.44444444444444,1,0,0,0,1,2,2,Potencialmente ineficiente,True,
958394,0.0,15.7,0.0,100.0,10.0,0,0,1,0,0,1,1,Eficiente,False,1.0
958416,7.6923076923076925,26.444444444444443,95.77922077922078,4.220779220779221,18.91891891891892,1,0,0,0,1,2,2,Potencialmente ineficiente,True,
958418,0.0,21.25,98.068669527897,1.9313304721030045,28.57142857142857,0,0,0,0,1,1,1,Eficiente,True,1.0
958430,0.0,45.44444444444444,92.81045751633988,7.18954248366013,40.74074074074074,0,1,0,0,1,2,2,Potencialmente ineficiente,True,
958432,0.0,37.7,90.74074074074076,9.25925925925926,34.0,0,0,0,0,1,1,1,Eficiente,True,1.0
958434,4.3478260869565215,81.0909090909091,85.71428571428571,14.285714285714285,43.18181818181818,1,1,0,0,1,3,3,Ineficiente,True,0.0
958452,3.7037037037037033,28.916666666666668,94.0,6.0,25.49019607843137,1,0,0,0,1,2,2,Potencialmente ineficiente,True,
958454,0.0,30.0,92.3076923076923,7.6923076923076925,92.85714285714286,0,0,0,0,1,1,1,Eficiente,True,1.0
958456,0.0,44.0,98.8262910798122,1.1737089201877933,25.71428571428571,0,1,0,0,1,2,2,Potencialmente ineficiente,True,
958460,2.912621359223301,319.625,52.093023255813954,47.906976744186046,37.735849056603776,1,1,0,0,1,3,3,Ineficiente,True,0.0
958468,0.0,61.0,98.66156787762908,1.338432122370937,26.82926829268293,0,1,0,0,1,2,2,Potencialmente ineficiente,True,
958470,0.0,50.66666666666666,81.25,18.75,0.0,0,1,0,0,0,1,1,Eficiente,False,1.0
958478,0.0,47.4,97.73462783171522,2.26537216828479,17.24137931034483,0,1,0,0,0,1,1,Eficiente,False,1.0
958640,10.0,10.5,52.38095238095239,47.61904761904761,0.0,1,0,0,0,0,1,1,Eficiente,False,1.0
959312,1.7857142857142856,32.15384615384615,72.13930348258707,27.860696517412936,3.333333333333333,1,0,0,0,0,1,1,Eficiente,False,1.0
960294,0.0,36.0,99.66329966329968,0.3367003367003366,0.0,0,0,0,0,0,0,0,Eficiente,False,1.0
960296,0.0,63.0,98.83720930232558,1.162790697674419,0.0,0,1,0,0,0,1,1,Eficiente,False,1.0
960620,2.0,74.8,53.70370370370371,46.2962962962963,0.0,1,1,0,0,0,2,2,Potencialmente ineficiente,False,
960648,0.0,72.375,70.53571428571429,29.464285714285715,4.0,0,1,0,0,0,1,1,Eficiente,False,1.0
960698,0.0,33.666666666666664,0.0,100.0,0.0,0,0,1,0,0,1,1,Eficiente,False,1.0
961064,0.0,28.83333333333333,97.51887810140238,2.481121898597627,0.0,0,0,0,0,0,0,0,Eficiente,False,1.0
961552,0.0,104.0,78.57142857142857,21.428571428571427,40.0,0,1,0,0,1,2,2,Potencialmente ineficiente,True,
961770,0.0,54.125,0.0,100.0,6.25,0,1,1,0,0,2,2,Potencialmente ineficiente,False,
962062,0.0,25.5,0.0,100.0,0.0,0,0,1,0,0,1,1,Eficiente,False,1.0
962168,0.0,17.25,0.0,100.0,25.0,0,0,1,0,1,2,2,Potencialmente ineficiente,True,
962268,0.0,58.36363636363637,71.21212121212122,28.78787878787879,3.571428571428571,0,1,0,0,0,1,1,Eficiente,False,1.0
962658,0.0,194.3571428571429,49.15514592933948,50.84485407066052,24.07407407407408,0,1,0,0,1,2,2,Potencialmente ineficiente,True,
962902,0.0,134.16666666666666,64.14790996784566,35.852090032154344,26.08695652173913,0,1,0,0,1,2,2,Potencialmente ineficiente,True,
964510,6.666666666666667,25.0,89.72602739726028,10.273972602739724,12.0,1,0,0,0,0,1,1,Eficiente,False,1.0
964518,0.0,42.0,0.0,100.0,0.0,0,0,1,0,0,1,1,Eficiente,False,1.0
964666,4.651162790697675,64.22222222222223,94.98249708284716,5.017502917152859,9.090909090909092,1,1,0,0,0,2,2,Potencialmente ineficiente,False,
964712,0.0,40.66666666666666,60.0,40.0,50.0,0,0,0,0,1,1,1,Eficiente,True,1.0
965942,0.0,25.5,0.0,100.0,50.0,0,0,1,0,1,2,2,Potencialmente ineficiente,True,
966158,0.0,15.0,91.8918918918919,8.108108108108109,41.17647058823529,0,0,0,0,1,1,1,Eficiente,True,1.0
966686,0.0,33.0,33.33333333333333,66.66666666666666,100.0,0,0,0,0,1,1,1,Eficiente,True,1.0
967310,0.0,8.0,98.1132075471698,1.8867924528301887,21.428571428571427,0,0,0,0,1,1,1,Eficiente,True,1.0
968150,0.0,2.0,95.78947368421052,4.2105263157894735,0.0,0,0,0,0,0,0,0,Eficiente,False,1.0
968232,0.0,13.0,0.0,100.0,0.0,0,0,1,0,0,1,1,Eficiente,False,1.0
968338,0.0,19.166666666666668,94.24778761061948,5.752212389380531,0.0,0,0,0,0,0,0,0,Eficiente,False,1.0
968368,0.0,19.0,0.0,100.0,0.0,0,0,1,0,0,1,1,Eficiente,False,1.0
968520,0.0,5.0,0.0,100.0,0.0,0,0,1,0,0,1,1,Eficiente,False,1.0
969272,0.6493506493506493,233.375,59.68586387434554,40.31413612565445,26.666666666666668,1,1,0,0,1,3,3,Ineficiente,True,0.0
969288,0.0,44.0,40.0,60.0,0.0,0,1,0,0,0,1,1,Eficiente,False,1.0
969294,0.0,177.5,12.5,87.5,20.0,0,1,1,0,1,3,3,Ineficiente,True,0.0
969380,0.0,21.0,87.5,12.5,50.0,0,0,0,0,1,1,1,Eficiente,True,1.0
970240,0.0,44.0,50.0,50.0,0.0,0,1,0,0,0,1,1,Eficiente,False,1.0
970244,0.0,81.0,50.0,50.0,33.33333333333333,0,1,0,0,1,2,2,Potencialmente ineficiente,True,
970252,0.0,25.0,83.33333333333334,16.666666666666664,0.0,0,0,0,0,0,0,0,Eficiente,False,1.0
970254,0.0,121.0,75.0,25.0,40.0,0,1,0,0,1,2,2,Potencialmente ineficiente,True,
971100,0.0,13.0,0.0,100.0,0.0,0,0,1,0,0,1,1,Eficiente,False,1.0
971102,0.0,338.0,0.0,100.0,0.0,0,1,1,0,0,2,2,Potencialmente ineficiente,False,
971354,0.0,42.0,0.0,100.0,0.0,0,0,1,0,0,1,1,Eficiente,False,1.0
972412,0.0,25.0,98.36065573770492,1.639344262295082,0.0,0,0,0,0,0,0,0,Eficiente,False,1.0
972460,0.0,4.0,98.0392156862745,1.96078431372549,28.57142857142857,0,0,0,0,1,1,1,Eficiente,True,1.0
973286,0.0,88.0,0.0,100.0,0.0,0,1,1,0,0,2,2,Potencialmente ineficiente,False,
0,6.672883035141908,179.582371609925,0.4400003868135269,99.55999961318648,0.0,1,1,1,0,0,3,3,Ineficiente,False,0.0
0,30.486685032139576,55.523668639053255,5.714285714285714,94.28571428571428,100.0,1,1,1,0,1,4,4,Ineficiente,True,0.0
880240,0.0,0.0,100.0,0.0,41.66666666666667,0,0,0,0,1,1,1,Eficiente,True,1.0
881278,0.0,0.0,100.0,0.0,37.5,0,0,0,0,1,1,1,Eficiente,True,1.0
883018,0.0,0.0,100.0,0.0,0.0,0,0,0,0,0,0,0,Eficiente,False,1.0
883898,0.0,0.0,100.0,0.0,0.0,0,0,0,0,0,0,0,Eficiente,False,1.0
884402,0.0,0.0,100.0,0.0,66.66666666666666,0,0,0,0,1,1,1,Eficiente,True,1.0
884406,0.0,0.0,100.0,0.0,100.0,0,0,0,0,1,1,1,Eficiente,True,1.0
885682,0.0,0.0,100.0,0.0,0.0,0,0,0,0,0,0,0,Eficiente,False,1.0
887280,0.0,0.0,100.0,0.0,0.0,0,0,0,0,0,0,0,Eficiente,False,1.0
887992,0.0,0.0,100.0,0.0,0.0,0,0,0,0,0,0,0,Eficiente,False,1.0
890232,0.0,0.0,100.0,0.0,0.0,0,0,0,0,0,0,0,Eficiente,False,1.0
890234,0.0,0.0,100.0,0.0,0.0,0,0,0,0,0,0,0,Eficiente,False,1.0
890416,0.0,0.0,100.0,0.0,0.0,0,0,0,0,0,0,0,Eficiente,False,1.0
890420,0.0,0.0,100.0,0.0,0.0,0,0,0,0,0,0,0,Eficiente,False,1.0
890422,0.0,0.0,100.0,0.0,0.0,0,0,0,0,0,0,0,Eficiente,False,1.0
891152,0.0,0.0,100.0,0.0,0.0,0,0,0,0,0,0,0,Eficiente,False,1.0
891154,0.0,0.0,100.0,0.0,0.847457627118644,0,0,0,0,0,0,0,Eficiente,False,1.0
891156,0.0,0.0,100.0,0.0,0.0,0,0,0,0,0,0,0,Eficiente,False,1.0
891158,0.0,0.0,100.0,0.0,1.0416666666666663,0,0,0,0,0,0,0,Eficiente,False,1.0
891160,0.0,0.0,100.0,0.0,0.0,0,0,0,0,0,0,0,Eficiente,False,1.0
891162,0.0,0.0,100.0,0.0,0.0,0,0,0,0,0,0,0,Eficiente,False,1.0
891166,0.0,0.0,100.0,0.0,0.0,0,0,0,0,0,0,0,Eficiente,False,1.0
891170,0.0,0.0,100.0,0.0,0.0,0,0,0,0,0,0,0,Eficiente,False,1.0
891192,0.0,0.0,100.0,0.0,0.0,0,0,0,0,0,0,0,Eficiente,False,1.0
891250,0.0,0.0,100.0,0.0,0.0,0,0,0,0,0,0,0,Eficiente,False,1.0
891252,0.0,0.0,100.0,0.0,0.0,0,0,0,0,0,0,0,Eficiente,False,1.0
891746,0.0,0.0,100.0,0.0,0.0,0,0,0,0,0,0,0,Eficiente,False,1.0
891970,0.0,0.0,100.0,0.0,0.0,0,0,0,0,0,0,0,Eficiente,False,1.0
891976,0.0,0.0,100.0,0.0,0.0,0,0,0,0,0,0,0,Eficiente,False,1.0
892028,0.0,0.0,100.0,0.0,1.5625,0,0,0,0,0,0,0,Eficiente,False,1.0
892800,0.0,0.0,100.0,0.0,0.0,0,0,0,0,0,0,0,Eficiente,False,1.0
893674,0.0,0.0,100.0,0.0,3.614457831325301,0,0,0,0,0,0,0,Eficiente,False,1.0
893700,0.0,0.0,100.0,0.0,0.0,0,0,0,0,0,0,0,Eficiente,False,1.0
894226,0.0,0.0,100.0,0.0,81.81818181818183,0,0,0,0,1,1,1,Eficiente,True,1.0
894934,0.0,0.0,100.0,0.0,0.0,0,0,0,0,0,0,0,Eficiente,False,1.0
895370,0.0,0.0,100.0,0.0,0.0,0,0,0,0,0,0,0,Eficiente,False,1.0
896008,0.0,0.0,100.0,0.0,100.0,0,0,0,0,1,1,1,Eficiente,True,1.0
896384,0.0,0.0,100.0,0.0,0.0,0,0,0,0,0,0,0,Eficiente,False,1.0
896386,0.0,0.0,100.0,0.0,0.0,0,0,0,0,0,0,0,Eficiente,False,1.0
896390,0.0,0.0,100.0,0.0,0.0,0,0,0,0,0,0,0,Eficiente,False,1.0
897894,0.0,0.0,100.0,0.0,0.0,0,0,0,0,0,0,0,Eficiente,False,1.0
898434,0.0,0.0,100.0,0.0,33.33333333333333,0,0,0,0,1,1,1,Eficiente,True,1.0
898902,0.0,0.0,100.0,0.0,0.0,0,0,0,0,0,0,0,Eficiente,False,1.0
899076,0.0,0.0,100.0,0.0,50.0,0,0,0,0,1,1,1,Eficiente,True,1.0
899788,0.0,0.0,100.0,0.0,7.6923076923076925,0,0,0,0,0,0,0,Eficiente,False,1.0
899790,0.0,0.0,100.0,0.0,0.0,0,0,0,0,0,0,0,Eficiente,False,1.0
899932,0.0,0.0,100.0,0.0,11.627906976744184,0,0,0,0,0,0,0,Eficiente,False,1.0
899964,0.0,0.0,100.0,0.0,3.4482758620689653,0,0,0,0,0,0,0,Eficiente,False,1.0
899968,0.0,0.0,100.0,0.0,6.666666666666667,0,0,0,0,0,0,0,Eficiente,False,1.0
899972,0.0,0.0,100.0,0.0,9.375,0,0,0,0,0,0,0,Eficiente,False,1.0
902742,0.0,0.0,100.0,0.0,7.6923076923076925,0,0,0,0,0,0,0,Eficiente,False,1.0
902744,0.0,0.0,100.0,0.0,20.98765432098765,0,0,0,0,1,1,1,Eficiente,True,1.0
902746,0.0,0.0,100.0,0.0,20.27027027027027,0,0,0,0,1,1,1,Eficiente,True,1.0
902748,0.0,0.0,100.0,0.0,13.79310344827586,0,0,0,0,0,0,0,Eficiente,False,1.0
902774,0.0,0.0,100.0,0.0,16.071428571428573,0,0,0,0,0,0,0,Eficiente,False,1.0
902776,0.0,0.0,100.0,0.0,23.809523809523807,0,0,0,0,1,1,1,Eficiente,True,1.0
902778,0.0,0.0,100.0,0.0,18.75,0,0,0,0,1,1,1,Eficiente,True,1.0
902782,0.0,0.0,100.0,0.0,14.754098360655735,0,0,0,0,0,0,0,Eficiente,False,1.0
905308,0.0,0.0,100.0,0.0,100.0,0,0,0,0,1,1,1,Eficiente,True,1.0
905470,0.0,0.0,100.0,0.0,100.0,0,0,0,0,1,1,1,Eficiente,True,1.0
905480,0.0,0.0,100.0,0.0,100.0,0,0,0,0,1,1,1,Eficiente,True,1.0
905570,0.0,0.0,100.0,0.0,92.85714285714286,0,0,0,0,1,1,1,Eficiente,True,1.0
905840,0.0,0.0,100.0,0.0,0.0,0,0,0,0,0,0,0,Eficiente,False,1.0
906866,0.0,0.0,100.0,0.0,27.58620689655172,0,0,0,0,1,1,1,Eficiente,True,1.0
907180,0.0,0.0,100.0,0.0,66.66666666666666,0,0,0,0,1,1,1,Eficiente,True,1.0
907442,0.0,0.0,100.0,0.0,70.2127659574468,0,0,0,0,1,1,1,Eficiente,True,1.0
907998,0.0,0.0,100.0,0.0,0.0,0,0,0,0,0,0,0,Eficiente,False,1.0
908640,0.0,0.0,100.0,0.0,11.627906976744184,0,0,0,0,0,0,0,Eficiente,False,1.0
908718,0.0,0.0,100.0,0.0,33.33333333333333,0,0,0,0,1,1,1,Eficiente,True,1.0
908984,0.0,0.0,100.0,0.0,0.0,0,0,0,0,0,0,0,Eficiente,False,1.0
909308,0.0,0.0,100.0,0.0,0.0,0,0,0,0,0,0,0,Eficiente,False,1.0
909452,0.0,0.0,100.0,0.0,0.0,0,0,0,0,0,0,0,Eficiente,False,1.0
909502,0.0,0.0,100.0,0.0,2.7777777777777777,0,0,0,0,0,0,0,Eficiente,False,1.0
909910,0.0,0.0,100.0,0.0,49.137931034482754,0,0,0,0,1,1,1,Eficiente,True,1.0
910520,0.0,0.0,100.0,0.0,0.0,0,0,0,0,0,0,0,Eficiente,False,1.0
910524,0.0,0.0,100.0,0.0,10.0,0,0,0,0,0,0,0,Eficiente,False,1.0
910530,0.0,0.0,100.0,0.0,0.0,0,0,0,0,0,0,0,Eficiente,False,1.0
910532,0.0,0.0,100.0,0.0,0.0,0,0,0,0,0,0,0,Eficiente,False,1.0
910594,0.0,0.0,100.0,0.0,0.0,0,0,0,0,0,0,0,Eficiente,False,1.0
910902,0.0,0.0,100.0,0.0,0.0,0,0,0,0,0,0,0,Eficiente,False,1.0
910926,0.0,0.0,100.0,0.0,0.0,0,0,0,0,0,0,0,Eficiente,False,1.0
914036,0.0,0.0,100.0,0.0,33.33333333333333,0,0,0,0,1,1,1,Eficiente,True,1.0
914052,0.0,0.0,100.0,0.0,0.0,0,0,0,0,0,0,0,Eficiente,False,1.0
914238,0.0,0.0,100.0,0.0,2.941176470588235,0,0,0,0,0,0,0,Eficiente,False,1.0
914240,0.0,0.0,100.0,0.0,0.0,0,0,0,0,0,0,0,Eficiente,False,1.0
914266,0.0,0.0,100.0,0.0,33.33333333333333,0,0,0,0,1,1,1,Eficiente,True,1.0
914272,0.0,0.0,100.0,0.0,0.0,0,0,0,0,0,0,0,Eficiente,False,1.0
914338,0.0,0.0,100.0,0.0,33.33333333333333,0,0,0,0,1,1,1,Eficiente,True,1.0
914348,0.0,0.0,100.0,0.0,0.0,0,0,0,0,0,0,0,Eficiente,False,1.0
914626,0.0,0.0,100.0,0.0,0.0,0,0,0,0,0,0,0,Eficiente,False,1.0
914816,0.0,0.0,100.0,0.0,42.85714285714285,0,0,0,0,1,1,1,Eficiente,True,1.0
915358,0.0,0.0,100.0,0.0,87.5,0,0,0,0,1,1,1,Eficiente,True,1.0
915360,0.0,0.0,100.0,0.0,54.54545454545454,0,0,0,0,1,1,1,Eficiente,True,1.0
915504,0.0,0.0,100.0,0.0,0.0,0,0,0,0,0,0,0,Eficiente,False,1.0
915558,0.0,0.0,100.0,0.0,8.0,0,0,0,0,0,0,0,Eficiente,False,1.0
916596,0.0,0.0,100.0,0.0,0.0,0,0,0,0,0,0,0,Eficiente,False,1.0
917446,0.0,0.0,100.0,0.0,0.0,0,0,0,0,0,0,0,Eficiente,False,1.0
917682,0.0,0.0,100.0,0.0,0.0,0,0,0,0,0,0,0,Eficiente,False,1.0
917890,0.0,0.0,100.0,0.0,0.0,0,0,0,0,0,0,0,Eficiente,False,1.0
918390,0.0,0.0,100.0,0.0,0.0,0,0,0,0,0,0,0,Eficiente,False,1.0
918452,0.0,0.0,100.0,0.0,57.89473684210527,0,0,0,0,1,1,1,Eficiente,True,1.0
919126,0.0,0.0,100.0,0.0,10.0,0,0,0,0,0,0,0,Eficiente,False,1.0
919128,0.0,0.0,100.0,0.0,0.0,0,0,0,0,0,0,0,Eficiente,False,1.0
919162,0.0,0.0,100.0,0.0,0.0,0,0,0,0,0,0,0,Eficiente,False,1.0
919188,0.0,0.0,100.0,0.0,0.0,0,0,0,0,0,0,0,Eficiente,False,1.0
919192,0.0,0.0,100.0,0.0,3.125,0,0,0,0,0,0,0,Eficiente,False,1.0
919194,0.0,0.0,100.0,0.0,0.0,0,0,0,0,0,0,0,Eficiente,False,1.0
919196,0.0,0.0,100.0,0.0,0.0,0,0,0,0,0,0,0,Eficiente,False,1.0
919198,0.0,0.0,100.0,0.0,0.0,0,0,0,0,0,0,0,Eficiente,False,1.0
919200,0.0,0.0,100.0,0.0,7.6923076923076925,0,0,0,0,0,0,0,Eficiente,False,1.0
919202,0.0,0.0,100.0,0.0,0.0,0,0,0,0,0,0,0,Eficiente,False,1.0
919302,0.0,0.0,100.0,0.0,0.0,0,0,0,0,0,0,0,Eficiente,False,1.0
919306,0.0,0.0,100.0,0.0,0.0,0,0,0,0,0,0,0,Eficiente,False,1.0
919310,0.0,0.0,100.0,0.0,0.0,0,0,0,0,0,0,0,Eficiente,False,1.0
919314,0.0,0.0,100.0,0.0,3.571428571428571,0,0,0,0,0,0,0,Eficiente,False,1.0
919318,0.0,0.0,100.0,0.0,0.0,0,0,0,0,0,0,0,Eficiente,False,1.0
919362,0.0,0.0,100.0,0.0,0.0,0,0,0,0,0,0,0,Eficiente,False,1.0
919364,0.0,0.0,100.0,0.0,0.0,0,0,0,0,0,0,0,Eficiente,False,1.0
919370,0.0,0.0,100.0,0.0,0.0,0,0,0,0,0,0,0,Eficiente,False,1.0
919372,0.0,0.0,100.0,0.0,0.0,0,0,0,0,0,0,0,Eficiente,False,1.0
919374,0.0,0.0,100.0,0.0,0.0,0,0,0,0,0,0,0,Eficiente,False,1.0
919376,0.0,0.0,100.0,0.0,4.3478260869565215,0,0,0,0,0,0,0,Eficiente,False,1.0
919378,0.0,0.0,100.0,0.0,0.0,0,0,0,0,0,0,0,Eficiente,False,1.0
919382,0.0,0.0,100.0,0.0,0.0,0,0,0,0,0,0,0,Eficiente,False,1.0
919390,0.0,0.0,100.0,0.0,0.0,0,0,0,0,0,0,0,Eficiente,False,1.0
919418,0.0,0.0,100.0,0.0,0.0,0,0,0,0,0,0,0,Eficiente,False,1.0
919456,0.0,0.0,100.0,0.0,0.0,0,0,0,0,0,0,0,Eficiente,False,1.0
919464,0.0,0.0,100.0,0.0,0.0,0,0,0,0,0,0,0,Eficiente,False,1.0
919476,0.0,0.0,100.0,0.0,3.571428571428571,0,0,0,0,0,0,0,Eficiente,False,1.0
919482,0.0,0.0,100.0,0.0,0.0,0,0,0,0,0,0,0,Eficiente,False,1.0
919490,0.0,0.0,100.0,0.0,0.0,0,0,0,0,0,0,0,Eficiente,False,1.0
919504,0.0,0.0,100.0,0.0,0.0,0,0,0,0,0,0,0,Eficiente,False,1.0
919906,0.0,0.0,100.0,0.0,5.88235294117647,0,0,0,0,0,0,0,Eficiente,False,1.0
919910,0.0,0.0,100.0,0.0,0.0,0,0,0,0,0,0,0,Eficiente,False,1.0
920146,0.0,0.0,100.0,0.0,35.294117647058826,0,0,0,0,1,1,1,Eficiente,True,1.0
920414,0.0,0.0,100.0,0.0,0.0,0,0,0,0,0,0,0,Eficiente,False,1.0
920416,0.0,0.0,100.0,0.0,0.0,0,0,0,0,0,0,0,Eficiente,False,1.0
920928,0.0,0.0,100.0,0.0,77.77777777777779,0,0,0,0,1,1,1,Eficiente,True,1.0
921116,0.0,0.0,100.0,0.0,44.0,0,0,0,0,1,1,1,Eficiente,True,1.0
921316,0.0,0.0,100.0,0.0,62.16216216216216,0,0,0,0,1,1,1,Eficiente,True,1.0
921574,0.0,0.0,100.0,0.0,0.0,0,0,0,0,0,0,0,Eficiente,False,1.0
921584,0.0,0.0,100.0,0.0,0.0,0,0,0,0,0,0,0,Eficiente,False,1.0
921592,0.0,0.0,100.0,0.0,0.0,0,0,0,0,0,0,0,Eficiente,False,1.0
921594,0.0,0.0,100.0,0.0,0.0,0,0,0,0,0,0,0,Eficiente,False,1.0
921596,0.0,0.0,100.0,0.0,0.0,0,0,0,0,0,0,0,Eficiente,False,1.0
922142,0.0,0.0,100.0,0.0,2.8846153846153846,0,0,0,0,0,0,0,Eficiente,False,1.0
922476,0.0,0.0,100.0,0.0,42.85714285714285,0,0,0,0,1,1,1,Eficiente,True,1.0
922710,0.0,0.0,100.0,0.0,0.0,0,0,0,0,0,0,0,Eficiente,False,1.0
923250,0.0,0.0,100.0,0.0,0.0,0,0,0,0,0,0,0,Eficiente,False,1.0
923666,0.0,0.0,100.0,0.0,6.0606060606060606,0,0,0,0,0,0,0,Eficiente,False,1.0
924356,0.0,0.0,100.0,0.0,71.64179104477611,0,0,0,0,1,1,1,Eficiente,True,1.0
924370,0.0,0.0,100.0,0.0,72.72727272727273,0,0,0,0,1,1,1,Eficiente,True,1.0
924572,0.0,0.0,100.0,0.0,0.0,0,0,0,0,0,0,0,Eficiente,False,1.0
925134,0.0,0.0,100.0,0.0,0.0,0,0,0,0,0,0,0,Eficiente,False,1.0
928228,0.0,0.0,100.0,0.0,0.0,0,0,0,0,0,0,0,Eficiente,False,1.0
928282,0.0,0.0,100.0,0.0,100.0,0,0,0,0,1,1,1,Eficiente,True,1.0
928284,0.0,0.0,100.0,0.0,100.0,0,0,0,0,1,1,1,Eficiente,True,1.0
928518,0.0,0.0,100.0,0.0,0.0,0,0,0,0,0,0,0,Eficiente,False,1.0
929426,0.0,0.0,100.0,0.0,0.0,0,0,0,0,0,0,0,Eficiente,False,1.0
929428,0.0,0.0,100.0,0.0,0.0,0,0,0,0,0,0,0,Eficiente,False,1.0
929542,0.0,0.0,100.0,0.0,100.0,0,0,0,0,1,1,1,Eficiente,True,1.0
929544,0.0,0.0,100.0,0.0,0.0,0,0,0,0,0,0,0,Eficiente,False,1.0
930524,0.0,0.0,100.0,0.0,0.0,0,0,0,0,0,0,0,Eficiente,False,1.0
930586,0.0,0.0,100.0,0.0,1.96078431372549,0,0,0,0,0,0,0,Eficiente,False,1.0
930590,0.0,0.0,100.0,0.0,3.8461538461538463,0,0,0,0,0,0,0,Eficiente,False,1.0
930662,0.0,0.0,100.0,0.0,0.0,0,0,0,0,0,0,0,Eficiente,False,1.0
930692,0.0,0.0,100.0,0.0,0.0,0,0,0,0,0,0,0,Eficiente,False,1.0
930912,0.0,0.0,100.0,0.0,5.555555555555555,0,0,0,0,0,0,0,Eficiente,False,1.0
930914,0.0,0.0,100.0,0.0,10.16949152542373,0,0,0,0,0,0,0,Eficiente,False,1.0
932050,0.0,0.0,100.0,0.0,0.0,0,0,0,0,0,0,0,Eficiente,False,1.0
932088,0.0,0.0,100.0,0.0,0.0,0,0,0,0,0,0,0,Eficiente,False,1.0
932246,0.0,0.0,100.0,0.0,0.0,0,0,0,0,0,0,0,Eficiente,False,1.0
932676,0.0,0.0,100.0,0.0,0.0,0,0,0,0,0,0,0,Eficiente,False,1.0
932856,0.0,0.0,100.0,0.0,0.0,0,0,0,0,0,0,0,Eficiente,False,1.0
933452,0.0,0.0,100.0,0.0,0.0,0,0,0,0,0,0,0,Eficiente,False,1.0
933806,0.0,0.0,100.0,0.0,6.521739130434782,0,0,0,0,0,0,0,Eficiente,False,1.0
933810,0.0,0.0,100.0,0.0,0.0,0,0,0,0,0,0,0,Eficiente,False,1.0
934426,0.0,0.0,100.0,0.0,0.0,0,0,0,0,0,0,0,Eficiente,False,1.0
935246,0.0,0.0,100.0,0.0,0.0,0,0,0,0,0,0,0,Eficiente,False,1.0
936296,0.0,0.0,100.0,0.0,33.33333333333333,0,0,0,0,1,1,1,Eficiente,True,1.0
937156,0.0,0.0,100.0,0.0,31.57894736842105,0,0,0,0,1,1,1,Eficiente,True,1.0
937352,0.0,0.0,100.0,0.0,8.333333333333332,0,0,0,0,0,0,0,Eficiente,False,1.0
937372,0.0,0.0,100.0,0.0,8.695652173913043,0,0,0,0,0,0,0,Eficiente,False,1.0
937422,0.0,0.0,100.0,0.0,84.61538461538461,0,0,0,0,1,1,1,Eficiente,True,1.0
937428,0.0,0.0,100.0,0.0,100.0,0,0,0,0,1,1,1,Eficiente,True,1.0
937430,0.0,0.0,100.0,0.0,100.0,0,0,0,0,1,1,1,Eficiente,True,1.0
937650,0.0,0.0,100.0,0.0,0.0,0,0,0,0,0,0,0,Eficiente,False,1.0
937710,0.0,0.0,100.0,0.0,100.0,0,0,0,0,1,1,1,Eficiente,True,1.0
937716,0.0,0.0,100.0,0.0,0.0,0,0,0,0,0,0,0,Eficiente,False,1.0
937720,0.0,0.0,100.0,0.0,100.0,0,0,0,0,1,1,1,Eficiente,True,1.0
937770,0.0,0.0,100.0,0.0,0.0,0,0,0,0,0,0,0,Eficiente,False,1.0
937772,0.0,0.0,100.0,0.0,0.0,0,0,0,0,0,0,0,Eficiente,False,1.0
937778,0.0,0.0,100.0,0.0,0.0,0,0,0,0,0,0,0,Eficiente,False,1.0
937870,0.0,0.0,100.0,0.0,0.0,0,0,0,0,0,0,0,Eficiente,False,1.0
937872,0.0,0.0,100.0,0.0,0.0,0,0,0,0,0,0,0,Eficiente,False,1.0
937900,0.0,0.0,100.0,0.0,0.0,0,0,0,0,0,0,0,Eficiente,False,1.0
938070,0.0,0.0,100.0,0.0,0.0,0,0,0,0,0,0,0,Eficiente,False,1.0
938072,0.0,0.0,100.0,0.0,0.0,0,0,0,0,0,0,0,Eficiente,False,1.0
938074,0.0,0.0,100.0,0.0,0.0,0,0,0,0,0,0,0,Eficiente,False,1.0
938078,0.0,0.0,100.0,0.0,9.090909090909092,0,0,0,0,0,0,0,Eficiente,False,1.0
938080,0.0,0.0,100.0,0.0,0.0,0,0,0,0,0,0,0,Eficiente,False,1.0
938842,0.0,0.0,100.0,0.0,0.0,0,0,0,0,0,0,0,Eficiente,False,1.0
939236,0.0,0.0,100.0,0.0,0.0,0,0,0,0,0,0,0,Eficiente,False,1.0
939718,0.0,0.0,100.0,0.0,0.0,0,0,0,0,0,0,0,Eficiente,False,1.0
939736,0.0,0.0,100.0,0.0,50.0,0,0,0,0,1,1,1,Eficiente,True,1.0
939738,0.0,0.0,100.0,0.0,8.333333333333332,0,0,0,0,0,0,0,Eficiente,False,1.0
939886,0.0,0.0,100.0,0.0,11.11111111111111,0,0,0,0,0,0,0,Eficiente,False,1.0
940460,0.0,0.0,100.0,0.0,13.79310344827586,0,0,0,0,0,0,0,Eficiente,False,1.0
940474,0.0,0.0,100.0,0.0,40.0,0,0,0,0,1,1,1,Eficiente,True,1.0
940486,0.0,0.0,100.0,0.0,33.33333333333333,0,0,0,0,1,1,1,Eficiente,True,1.0
940782,0.0,0.0,100.0,0.0,75.0,0,0,0,0,1,1,1,Eficiente,True,1.0
940788,0.0,0.0,100.0,0.0,100.0,0,0,0,0,1,1,1,Eficiente,True,1.0
940802,0.0,0.0,100.0,0.0,25.0,0,0,0,0,1,1,1,Eficiente,True,1.0
940814,0.0,0.0,100.0,0.0,0.0,0,0,0,0,0,0,0,Eficiente,False,1.0
940842,0.0,0.0,100.0,0.0,100.0,0,0,0,0,1,1,1,Eficiente,True,1.0
940848,0.0,0.0,100.0,0.0,0.0,0,0,0,0,0,0,0,Eficiente,False,1.0
941192,0.0,0.0,100.0,0.0,0.0,0,0,0,0,0,0,0,Eficiente,False,1.0
941736,0.0,0.0,100.0,0.0,100.0,0,0,0,0,1,1,1,Eficiente,True,1.0
941740,0.0,0.0,100.0,0.0,33.33333333333333,0,0,0,0,1,1,1,Eficiente,True,1.0
941810,0.0,0.0,100.0,0.0,66.66666666666666,0,0,0,0,1,1,1,Eficiente,True,1.0
941816,0.0,0.0,100.0,0.0,100.0,0,0,0,0,1,1,1,Eficiente,True,1.0
941826,0.0,0.0,100.0,0.0,100.0,0,0,0,0,1,1,1,Eficiente,True,1.0
941838,0.0,0.0,100.0,0.0,0.0,0,0,0,0,0,0,0,Eficiente,False,1.0
941842,0.0,0.0,100.0,0.0,0.0,0,0,0,0,0,0,0,Eficiente,False,1.0
942174,0.0,0.0,100.0,0.0,0.0,0,0,0,0,0,0,0,Eficiente,False,1.0
943050,0.0,0.0,100.0,0.0,0.0,0,0,0,0,0,0,0,Eficiente,False,1.0
945074,0.0,0.0,100.0,0.0,0.0,0,0,0,0,0,0,0,Eficiente,False,1.0
945274,0.0,0.0,100.0,0.0,0.0,0,0,0,0,0,0,0,Eficiente,False,1.0
945278,0.0,0.0,100.0,0.0,2.272727272727273,0,0,0,0,0,0,0,Eficiente,False,1.0
945280,0.0,0.0,100.0,0.0,2.3255813953488373,0,0,0,0,0,0,0,Eficiente,False,1.0
945282,0.0,0.0,100.0,0.0,1.7857142857142856,0,0,0,0,0,0,0,Eficiente,False,1.0
945284,0.0,0.0,100.0,0.0,2.4390243902439024,0,0,0,0,0,0,0,Eficiente,False,1.0
945286,0.0,0.0,100.0,0.0,9.67741935483871,0,0,0,0,0,0,0,Eficiente,False,1.0
945288,0.0,0.0,100.0,0.0,0.0,0,0,0,0,0,0,0,Eficiente,False,1.0
945290,0.0,0.0,100.0,0.0,0.0,0,0,0,0,0,0,0,Eficiente,False,1.0
945294,0.0,0.0,100.0,0.0,0.0,0,0,0,0,0,0,0,Eficiente,False,1.0
945296,0.0,0.0,100.0,0.0,1.4084507042253522,0,0,0,0,0,0,0,Eficiente,False,1.0
945298,0.0,0.0,100.0,0.0,13.636363636363637,0,0,0,0,0,0,0,Eficiente,False,1.0
945302,0.0,0.0,100.0,0.0,1.4285714285714286,0,0,0,0,0,0,0,Eficiente,False,1.0
945304,0.0,0.0,100.0,0.0,0.0,0,0,0,0,0,0,0,Eficiente,False,1.0
945308,0.0,0.0,100.0,0.0,0.0,0,0,0,0,0,0,0,Eficiente,False,1.0
945310,0.0,0.0,100.0,0.0,2.2222222222222223,0,0,0,0,0,0,0,Eficiente,False,1.0
945312,0.0,0.0,100.0,0.0,0.0,0,0,0,0,0,0,0,Eficiente,False,1.0
945314,0.0,0.0,100.0,0.0,5.084745762711865,0,0,0,0,0,0,0,Eficiente,False,1.0
945316,0.0,0.0,100.0,0.0,1.639344262295082,0,0,0,0,0,0,0,Eficiente,False,1.0
945318,0.0,0.0,100.0,0.0,0.0,0,0,0,0,0,0,0,Eficiente,False,1.0
945320,0.0,0.0,100.0,0.0,0.0,0,0,0,0,0,0,0,Eficiente,False,1.0
945322,0.0,0.0,100.0,0.0,1.5873015873015872,0,0,0,0,0,0,0,Eficiente,False,1.0
945324,0.0,0.0,100.0,0.0,2.0408163265306123,0,0,0,0,0,0,0,Eficiente,False,1.0
945728,0.0,0.0,100.0,0.0,0.0,0,0,0,0,0,0,0,Eficiente,False,1.0
945894,0.0,0.0,100.0,0.0,0.0,0,0,0,0,0,0,0,Eficiente,False,1.0
945898,0.0,0.0,100.0,0.0,0.0,0,0,0,0,0,0,0,Eficiente,False,1.0
945900,0.0,0.0,100.0,0.0,2.3255813953488373,0,0,0,0,0,0,0,Eficiente,False,1.0
945902,0.0,0.0,100.0,0.0,0.0,0,0,0,0,0,0,0,Eficiente,False,1.0
945904,0.0,0.0,100.0,0.0,0.0,0,0,0,0,0,0,0,Eficiente,False,1.0
946454,0.0,0.0,100.0,0.0,0.0,0,0,0,0,0,0,0,Eficiente,False,1.0
947480,0.0,0.0,100.0,0.0,75.0,0,0,0,0,1,1,1,Eficiente,True,1.0
947590,0.0,0.0,100.0,0.0,12.5,0,0,0,0,0,0,0,Eficiente,False,1.0
947592,0.0,0.0,100.0,0.0,6.666666666666667,0,0,0,0,0,0,0,Eficiente,False,1.0
947596,0.0,0.0,100.0,0.0,0.0,0,0,0,0,0,0,0,Eficiente,False,1.0
947598,0.0,0.0,100.0,0.0,15.0,0,0,0,0,0,0,0,Eficiente,False,1.0
947600,0.0,0.0,100.0,0.0,18.181818181818183,0,0,0,0,1,1,1,Eficiente,True,1.0
947614,0.0,0.0,100.0,0.0,22.5,0,0,0,0,1,1,1,Eficiente,True,1.0
947616,0.0,0.0,100.0,0.0,17.391304347826086,0,0,0,0,0,0,0,Eficiente,False,1.0
947618,0.0,0.0,100.0,0.0,21.62162162162162,0,0,0,0,1,1,1,Eficiente,True,1.0
947620,0.0,0.0,100.0,0.0,19.148936170212767,0,0,0,0,1,1,1,Eficiente,True,1.0
947636,0.0,0.0,100.0,0.0,20.0,0,0,0,0,1,1,1,Eficiente,True,1.0
947640,0.0,0.0,100.0,0.0,18.51851851851852,0,0,0,0,1,1,1,Eficiente,True,1.0
947644,0.0,0.0,100.0,0.0,15.555555555555555,0,0,0,0,0,0,0,Eficiente,False,1.0
947646,0.0,0.0,100.0,0.0,14.285714285714285,0,0,0,0,0,0,0,Eficiente,False,1.0
947648,0.0,0.0,100.0,0.0,12.195121951219512,0,0,0,0,0,0,0,Eficiente,False,1.0
947650,0.0,0.0,100.0,0.0,15.555555555555555,0,0,0,0,0,0,0,Eficiente,False,1.0
947652,0.0,0.0,100.0,0.0,12.5,0,0,0,0,0,0,0,Eficiente,False,1.0
947654,0.0,0.0,100.0,0.0,20.0,0,0,0,0,1,1,1,Eficiente,True,1.0
947658,0.0,0.0,100.0,0.0,22.448979591836736,0,0,0,0,1,1,1,Eficiente,True,1.0
947820,0.0,0.0,100.0,0.0,0.0,0,0,0,0,0,0,0,Eficiente,False,1.0
950444,0.0,0.0,100.0,0.0,3.571428571428571,0,0,0,0,0,0,0,Eficiente,False,1.0
951408,0.0,0.0,100.0,0.0,0.0,0,0,0,0,0,0,0,Eficiente,False,1.0
951648,0.0,0.0,100.0,0.0,0.0,0,0,0,0,0,0,0,Eficiente,False,1.0
952116,0.0,0.0,100.0,0.0,0.0,0,0,0,0,0,0,0,Eficiente,False,1.0
952392,0.0,0.0,100.0,0.0,18.181818181818183,0,0,0,0,1,1,1,Eficiente,True,1.0
952458,0.0,0.0,100.0,0.0,27.027027027027028,0,0,0,0,1,1,1,Eficiente,True,1.0
952460,0.0,0.0,100.0,0.0,8.695652173913043,0,0,0,0,0,0,0,Eficiente,False,1.0
952466,0.0,0.0,100.0,0.0,33.33333333333333,0,0,0,0,1,1,1,Eficiente,True,1.0
952468,0.0,0.0,100.0,0.0,29.72972972972973,0,0,0,0,1,1,1,Eficiente,True,1.0
953362,0.0,0.0,100.0,0.0,50.0,0,0,0,0,1,1,1,Eficiente,True,1.0
953458,0.0,0.0,100.0,0.0,0.0,0,0,0,0,0,0,0,Eficiente,False,1.0
953460,0.0,0.0,100.0,0.0,33.33333333333333,0,0,0,0,1,1,1,Eficiente,True,1.0
953462,0.0,0.0,100.0,0.0,33.33333333333333,0,0,0,0,1,1,1,Eficiente,True,1.0
954284,0.0,0.0,100.0,0.0,100.0,0,0,0,0,1,1,1,Eficiente,True,1.0
954376,0.0,0.0,100.0,0.0,75.0,0,0,0,0,1,1,1,Eficiente,True,1.0
954378,0.0,0.0,100.0,0.0,80.0,0,0,0,0,1,1,1,Eficiente,True,1.0
954380,0.0,0.0,100.0,0.0,100.0,0,0,0,0,1,1,1,Eficiente,True,1.0
954642,0.0,0.0,100.0,0.0,0.0,0,0,0,0,0,0,0,Eficiente,False,1.0
955068,0.0,0.0,100.0,0.0,100.0,0,0,0,0,1,1,1,Eficiente,True,1.0
955082,0.0,0.0,100.0,0.0,100.0,0,0,0,0,1,1,1,Eficiente,True,1.0
955086,0.0,0.0,100.0,0.0,100.0,0,0,0,0,1,1,1,Eficiente,True,1.0
955090,0.0,0.0,100.0,0.0,100.0,0,0,0,0,1,1,1,Eficiente,True,1.0
955094,0.0,0.0,100.0,0.0,50.0,0,0,0,0,1,1,1,Eficiente,True,1.0
955820,0.0,0.0,100.0,0.0,0.0,0,0,0,0,0,0,0,Eficiente,False,1.0
956298,0.0,0.0,100.0,0.0,10.0,0,0,0,0,0,0,0,Eficiente,False,1.0
957022,0.0,0.0,100.0,0.0,50.0,0,0,0,0,1,1,1,Eficiente,True,1.0
958440,0.0,0.0,100.0,0.0,95.0,0,0,0,0,1,1,1,Eficiente,True,1.0
958444,0.0,0.0,100.0,0.0,90.0,0,0,0,0,1,1,1,Eficiente,True,1.0
958458,0.0,0.0,100.0,0.0,100.0,0,0,0,0,1,1,1,Eficiente,True,1.0
958472,0.0,0.0,100.0,0.0,15.384615384615383,0,0,0,0,0,0,0,Eficiente,False,1.0
958480,0.0,0.0,100.0,0.0,0.0,0,0,0,0,0,0,0,Eficiente,False,1.0
958672,0.0,0.0,100.0,0.0,90.9090909090909,0,0,0,0,1,1,1,Eficiente,True,1.0
959118,0.0,0.0,100.0,0.0,0.0,0,0,0,0,0,0,0,Eficiente,False,1.0
959596,0.0,0.0,100.0,0.0,0.0,0,0,0,0,0,0,0,Eficiente,False,1.0
960666,0.0,0.0,100.0,0.0,100.0,0,0,0,0,1,1,1,Eficiente,True,1.0
960670,0.0,0.0,100.0,0.0,0.0,0,0,0,0,0,0,0,Eficiente,False,1.0
960672,0.0,0.0,100.0,0.0,20.0,0,0,0,0,1,1,1,Eficiente,True,1.0
960674,0.0,0.0,100.0,0.0,100.0,0,0,0,0,1,1,1,Eficiente,True,1.0
960950,0.0,0.0,100.0,0.0,100.0,0,0,0,0,1,1,1,Eficiente,True,1.0
962904,0.0,0.0,100.0,0.0,0.0,0,0,0,0,0,0,0,Eficiente,False,1.0
963716,0.0,0.0,100.0,0.0,0.0,0,0,0,0,0,0,0,Eficiente,False,1.0
964716,0.0,0.0,100.0,0.0,17.647058823529413,0,0,0,0,0,0,0,Eficiente,False,1.0
965232,0.0,0.0,100.0,0.0,37.5,0,0,0,0,1,1,1,Eficiente,True,1.0
965328,0.0,0.0,100.0,0.0,12.5,0,0,0,0,0,0,0,Eficiente,False,1.0
965538,0.0,0.0,100.0,0.0,0.0,0,0,0,0,0,0,0,Eficiente,False,1.0
965540,0.0,0.0,100.0,0.0,0.0,0,0,0,0,0,0,0,Eficiente,False,1.0
965542,0.0,0.0,100.0,0.0,23.07692307692308,0,0,0,0,1,1,1,Eficiente,True,1.0
965544,0.0,0.0,100.0,0.0,7.6923076923076925,0,0,0,0,0,0,0,Eficiente,False,1.0
967204,0.0,0.0,100.0,0.0,100.0,0,0,0,0,1,1,1,Eficiente,True,1.0
969262,0.0,0.0,100.0,0.0,100.0,0,0,0,0,1,1,1,Eficiente,True,1.0
969268,0.0,0.0,100.0,0.0,50.0,0,0,0,0,1,1,1,Eficiente,True,1.0
969284,0.0,0.0,100.0,0.0,100.0,0,0,0,0,1,1,1,Eficiente,True,1.0
969286,0.0,0.0,100.0,0.0,20.0,0,0,0,0,1,1,1,Eficiente,True,1.0
969386,0.0,0.0,100.0,0.0,12.5,0,0,0,0,0,0,0,Eficiente,False,1.0
969600,0.0,0.0,100.0,0.0,0.0,0,0,0,0,0,0,0,Eficiente,False,1.0
970242,0.0,0.0,100.0,0.0,33.33333333333333,0,0,0,0,1,1,1,Eficiente,True,1.0
970250,0.0,0.0,100.0,0.0,0.0,0,0,0,0,0,0,0,Eficiente,False,1.0
970258,0.0,0.0,100.0,0.0,0.0,0,0,0,0,0,0,0,Eficiente,False,1.0
970484,0.0,0.0,100.0,0.0,0.0,0,0,0,0,0,0,0,Eficiente,False,1.0
970486,0.0,0.0,100.0,0.0,0.0,0,0,0,0,0,0,0,Eficiente,False,1.0
972408,0.0,0.0,100.0,0.0,0.0,0,0,0,0,0,0,0,Eficiente,False,1.0
972410,0.0,0.0,100.0,0.0,0.0,0,0,0,0,0,0,0,Eficiente,False,1.0
973120,0.0,0.0,100.0,0.0,0.0,0,0,0,0,0,0,0,Eficiente,False,1.0
